Unnamed: 0,molecule_chembl_id,canonical_smiles,bioactivity_class,pIC50,MW,LogP,NumHDonors,NumHAcceptors
0,CHEMBL22,COc1cc(Cc2cnc(N)nc2N)cc(OC)c1OC,active,6.0,290.32300000000004,1.2575999999999998,2,7
1,CHEMBL61708,Nc1nc(O)c2c(CNc3ccc(C(=O)N[C@@H](CCC(=O)O)C(=O)O)cc3)c[nH]c2n1,intermediate,5.638272163982407,428.40500000000014,0.9055999999999989,7,8
2,CHEMBL225072,Nc1nc2[nH]cc(CCc3ccc(C(=O)N[C@@H](CCC(=O)O)C(=O)O)cc3)c2c(=O)[nH]1,intermediate,5.638272163982407,427.41700000000014,0.6664000000000003,6,6
3,CHEMBL119,COc1cc(NCc2ccc3nc(N)nc(N)c3c2C)cc(OC)c1OC,intermediate,5.7447274948966935,369.4250000000001,2.740520000000001,3,8
4,CHEMBL34259,CN(Cc1cnc2nc(N)nc(N)c2n1)c1ccc(C(=O)N[C@@H](CCC(=O)O)C(=O)O)cc1,intermediate,5.356547323513812,454.44700000000023,0.2684000000000012,5,10
5,CHEMBL108006,Nc1nc(N)c2c3c(sc2n1)CCCCCC3,intermediate,5.187086643357144,248.3549999999999,2.5147000000000013,2,5
6,CHEMBL107167,Cc1c(-c2ccc(Cl)c(Cl)c2)sc2nc(N)nc(N)c12,inactive,4.795880017344075,325.2240000000001,4.13792,2,5
7,CHEMBL107167,Cc1c(-c2ccc(Cl)c(Cl)c2)sc2nc(N)nc(N)c12,inactive,4.552841968657781,325.2240000000001,4.13792,2,5
8,CHEMBL320811,Cc1c(Cc2ccccc2)sc2nc(N)nc(N)c12,inactive,4.455931955649724,270.361,2.75492,2,5
9,CHEMBL320811,Cc1c(Cc2ccccc2)sc2nc(N)nc(N)c12,intermediate,5.187086643357144,270.361,2.75492,2,5
10,CHEMBL326200,COc1cc(-c2sc3nc(N)nc(N)c3c2C)cc(OC)c1OC,intermediate,5.096910013008056,346.4120000000001,2.8569200000000006,2,8
11,CHEMBL326200,COc1cc(-c2sc3nc(N)nc(N)c3c2C)cc(OC)c1OC,active,6.494850021680094,346.4120000000001,2.8569200000000006,2,8
12,CHEMBL321826,Cc1sc2nc(N)nc(N)c2c1Cc1ccccc1,inactive,4.0,270.361,2.754920000000001,2,5
13,CHEMBL321826,Cc1sc2nc(N)nc(N)c2c1Cc1ccccc1,inactive,4.0,270.361,2.754920000000001,2,5
14,CHEMBL104555,Cc1c(-c2ccccc2)sc2nc(N)nc(N)c12,inactive,4.585026652029182,256.33399999999995,2.83112,2,5
15,CHEMBL104555,Cc1c(-c2ccccc2)sc2nc(N)nc(N)c12,intermediate,5.4089353929735005,256.33399999999995,2.83112,2,5
16,CHEMBL107023,COc1ccc(OC)c(CCc2csc3nc(N)nc(N)c23)c1,inactive,4.552841968657781,330.41300000000007,2.6581,2,7
17,CHEMBL107023,COc1ccc(OC)c(CCc2csc3nc(N)nc(N)c23)c1,intermediate,5.236572006437063,330.41300000000007,2.6581,2,7
18,CHEMBL323155,Nc1nc(N)c2c3c(sc2n1)CCCC3,intermediate,5.6777807052660805,220.30099999999993,1.7345000000000002,2,5
19,CHEMBL323155,Nc1nc(N)c2c3c(sc2n1)CCCC3,intermediate,5.552841968657781,220.30099999999993,1.7345000000000002,2,5
20,CHEMBL104787,COc1ccc(OC)c(Cc2sc3nc(N)nc(N)c3c2C)c1,inactive,4.853871964321762,330.41300000000007,2.772120000000001,2,7
21,CHEMBL104787,COc1ccc(OC)c(Cc2sc3nc(N)nc(N)c3c2C)c1,active,7.154901959985743,330.41300000000007,2.772120000000001,2,7
22,CHEMBL325333,Nc1nc(N)c2c3c(sc2n1)CCCCC3,intermediate,5.853871964321762,234.32799999999992,2.1246,2,5
23,CHEMBL325333,Nc1nc(N)c2c3c(sc2n1)CCCCC3,active,6.0655015487564325,234.32799999999992,2.1246,2,5
24,CHEMBL7492,COc1ccc(OC)c(Cc2cnc3nc(N)nc(N)c3c2C)c1,active,7.42021640338319,325.37200000000007,2.10562,2,7
25,CHEMBL7492,COc1ccc(OC)c(Cc2cnc3nc(N)nc(N)c3c2C)c1,active,7.958607314841775,325.37200000000007,2.10562,2,7
26,CHEMBL104379,COc1ccc(OC)c(CCCc2csc3nc(N)nc(N)c23)c1,inactive,4.259637310505756,344.44000000000005,3.0481999999999996,2,7
27,CHEMBL104379,COc1ccc(OC)c(CCCc2csc3nc(N)nc(N)c23)c1,inactive,4.619788758288394,344.44000000000005,3.0481999999999996,2,7
28,CHEMBL323960,COc1ccc(OC)c(-c2sc3nc(N)nc(N)c3c2C)c1,intermediate,5.318758762624412,316.3860000000001,2.84832,2,7
29,CHEMBL323960,COc1ccc(OC)c(-c2sc3nc(N)nc(N)c3c2C)c1,active,6.886056647693163,316.3860000000001,2.84832,2,7
30,CHEMBL322585,COc1ccc(OC)c(CCc2sc3nc(N)nc(N)c3c2C)c1,intermediate,5.920818753952375,344.44000000000005,2.966520000000001,2,7
31,CHEMBL322585,COc1ccc(OC)c(CCc2sc3nc(N)nc(N)c3c2C)c1,intermediate,5.481486060122113,344.44000000000005,2.966520000000001,2,7
32,CHEMBL322315,COc1cc(Cc2sc3nc(N)nc(N)c3c2C)cc(OC)c1OC,intermediate,5.096910013008056,360.43900000000014,2.7807200000000005,2,8
33,CHEMBL322315,COc1cc(Cc2sc3nc(N)nc(N)c3c2C)cc(OC)c1OC,active,6.200659450546418,360.43900000000014,2.7807200000000005,2,8
34,CHEMBL107079,Cc1sc2nc(N)nc(N)c2c1-c1ccc(Cl)cc1,inactive,4.0,290.779,3.4845200000000007,2,5
35,CHEMBL107079,Cc1sc2nc(N)nc(N)c2c1-c1ccc(Cl)cc1,inactive,4.154901959985743,290.779,3.4845200000000007,2,5
36,CHEMBL322861,COc1cc(CCc2sc3nc(N)nc(N)c3c2C)cc(OC)c1OC,intermediate,5.096910013008056,374.4660000000002,2.9751200000000013,2,8
37,CHEMBL322861,COc1cc(CCc2sc3nc(N)nc(N)c3c2C)cc(OC)c1OC,inactive,4.7447274948966935,374.4660000000002,2.9751200000000013,2,8
38,CHEMBL104770,Nc1nc(N)c2c3c(sc2n1)CCCCCCCCCC3,inactive,4.301029995663981,304.4630000000001,4.0751000000000035,2,5
39,CHEMBL119,COc1cc(NCc2ccc3nc(N)nc(N)c3c2C)cc(OC)c1OC,active,7.376750709602099,369.4250000000001,2.740520000000001,3,8
40,CHEMBL119,COc1cc(NCc2ccc3nc(N)nc(N)c3c2C)cc(OC)c1OC,active,8.0,369.4250000000001,2.740520000000001,3,8
41,CHEMBL140245,CCc1cccc2nc(N)nc(N)c12,inactive,1.0,188.23399999999995,1.3565999999999998,2,4
42,CHEMBL344047,CCSc1cccc2nc(N)nc(N)c12,inactive,1.0,220.30099999999996,1.9061999999999997,2,5
43,CHEMBL266320,Nc1nc(N)c2c(Cl)cccc2n1,inactive,1.0,194.62500000000003,1.4476,2,4
44,CHEMBL136771,Nc1nc(N)c2c(I)cccc2n1,inactive,1.0,286.076,1.3988,2,4
45,CHEMBL342595,Nc1nc(N)c2c(OCc3ccccc3)cccc2n1,inactive,1.0,266.30400000000003,2.3732000000000006,2,5
46,CHEMBL139392,Nc1nc(N)c2c(S(=O)(=O)c3ccccc3)cccc2n1,inactive,2.0,300.343,1.6270000000000004,2,6
47,CHEMBL100239,Nc1nc(N)c2c(Sc3ccccc3)cccc2n1,inactive,1.0,268.345,2.945400000000001,2,5
48,CHEMBL139209,Nc1nc(N)c2c([N+](=O)[O-])cccc2n1,inactive,2.0,205.17700000000002,0.7024000000000004,2,6
49,CHEMBL139363,CSc1cccc2nc(N)nc(N)c12,inactive,1.0,206.27399999999997,1.5160999999999998,2,5
50,CHEMBL344910,Nc1nc(N)c2c(Br)cccc2n1,inactive,1.0,239.076,1.5567,2,4
51,CHEMBL268354,Nc1nc(N)c2ccccc2n1,inactive,1.0,160.17999999999998,0.7942,2,4
52,CHEMBL336468,CN(C)c1cccc2nc(N)nc(N)c12,inactive,1.0,203.24899999999997,0.8601999999999999,2,5
53,CHEMBL344386,CC(C)Oc1cccc2nc(N)nc(N)c12,inactive,1.0,218.25999999999996,1.5814,2,5
54,CHEMBL343382,CCOc1cccc2nc(N)nc(N)c12,inactive,1.0,204.23299999999998,1.1928999999999998,2,5
55,CHEMBL56170,CCc1nc(N)nc(N)c1-c1ccc(N(C)Cc2ccccc2)c([N+](=O)[O-])c1,active,6.045757490560675,378.4360000000001,3.4150000000000027,2,7
56,CHEMBL436600,Nc1nc(N)c2c(N3CCCCC3)cccc2n1,inactive,1.0,243.31399999999996,1.7845000000000002,2,5
57,CHEMBL336047,CCCSc1cccc2nc(N)nc(N)c12,inactive,1.0,234.32799999999995,2.2962999999999996,2,5
58,CHEMBL337786,NC(=O)c1cccc2nc(N)nc(N)c12,inactive,1.0,203.20499999999996,-0.1069000000000001,3,5
59,CHEMBL138244,CS(=O)(=O)c1cccc2nc(N)nc(N)c12,inactive,1.0,238.272,0.1977,2,6
60,CHEMBL343543,COc1cccc2nc(N)nc(N)c12,inactive,1.3000000000236323,190.20599999999996,0.8027999999999997,2,5
61,CHEMBL139466,COC(=O)c1cccc2nc(N)nc(N)c12,inactive,1.6999999999932263,218.21599999999995,0.5807999999999998,2,6
62,CHEMBL139184,CCCOc1cccc2nc(N)nc(N)c12,inactive,1.0,218.25999999999993,1.583,2,5
63,CHEMBL22,COc1cc(Cc2cnc(N)nc2N)cc(OC)c1OC,inactive,2.0,290.32300000000004,1.2575999999999998,2,7
64,CHEMBL138672,CCCNC(=O)c1cccc2nc(N)nc(N)c12,inactive,1.0,245.28599999999997,0.9339999999999999,3,5
65,CHEMBL139487,Nc1nc(N)c2c(N)cccc2n1,inactive,1.0,175.19500000000002,0.3763999999999998,3,5
66,CHEMBL7077,Cc1cccc2nc(N)nc(N)c12,inactive,1.0,174.207,1.10262,2,4
67,CHEMBL341703,Nc1nc(N)c2c(CCc3ccccc3)cccc2n1,inactive,1.0,264.33200000000005,2.5794000000000006,2,4
68,CHEMBL343286,Nc1nc(N)c2c(Oc3ccccc3)cccc2n1,inactive,1.0,252.27700000000004,2.586500000000001,2,5
69,CHEMBL137917,Nc1nc(N)c2c(N3CCOCC3)cccc2n1,inactive,1.0,245.28599999999997,0.6307999999999996,2,6
70,CHEMBL342269,Nc1nc(N)c2c(F)cccc2n1,inactive,1.0,178.17000000000002,0.9333000000000002,2,4
71,CHEMBL139426,CCCCCCOc1cccc2nc(N)nc(N)c12,inactive,1.0,260.341,2.7533,2,5
72,CHEMBL139185,Nc1nc(N)c2c(O)cccc2n1,inactive,1.0,176.179,0.49980000000000013,3,5
73,CHEMBL341590,CCCCOc1cccc2nc(N)nc(N)c12,inactive,1.0,232.28699999999995,1.9730999999999996,2,5
74,CHEMBL303075,COc1cc(Cc2cnc(N)nc2N)cc(CC(C)O)c1O,active,8.075720713938118,304.35,0.8692999999999997,4,7
75,CHEMBL57878,C=CCOc1ccc(Cc2cnc(N)nc2N)cc1,active,6.221848749616356,256.30899999999997,1.7966,2,5
76,CHEMBL412892,C=CCOc1ccc(Cc2cnc(N)nc2N)cc1OC,active,7.267606240177032,286.33500000000004,1.8052,2,6
77,CHEMBL23338,C/C=C/c1cc(Cc2cnc(N)nc2N)cc(OC)c1OC,active,8.494850021680094,300.362,2.2821,2,6
78,CHEMBL59952,C=CCc1cc(Cc2cnc(N)nc2N)ccc1O,active,6.823908740944319,256.30899999999997,1.6658999999999997,3,5
79,CHEMBL279455,CCCc1cc(Cc2cnc(N)nc2N)cc(CC)c1OC,active,7.920818753952375,300.406,2.755300000000001,2,5
80,CHEMBL278345,CCCc1cc(Cc2cnc(N)nc2N)cc(OC)c1OC,active,8.431798275933005,302.37800000000004,2.2015000000000002,2,6
81,CHEMBL58908,CCOc1cc(Cc2cnc(N)nc2N)cc2c1OCO2,active,7.3872161432802645,288.307,1.3592,2,7
82,CHEMBL23746,CCCc1cc(Cc2cnc(N)nc2N)cc(CCC)c1O,active,8.154901959985743,300.406,2.842400000000002,3,5
83,CHEMBL301236,C=CCc1cc(Cc2cnc(N)nc2N)cc(CC=C)c1OC,active,8.161150909262744,310.40100000000007,2.697400000000001,2,5
84,CHEMBL58550,C=CCc1cc(Cc2cnc(N)nc2N)cc(CCC)c1OC,active,7.823908740944319,312.41700000000003,2.921400000000001,2,5
85,CHEMBL291540,Cc1cc(Cc2cnc(N)nc2N)cc2c1OC(C)(C)C2,active,7.259637310505756,284.363,2.2537200000000004,2,5
86,CHEMBL26337,CCCc1cc(Cc2cnc(N)nc2N)cc(CCC)c1OC,active,7.356547323513812,314.43300000000005,3.145400000000002,2,5
87,CHEMBL24503,C=CCc1cc(Cc2cnc(N)nc2N)cc(CCC)c1O,active,7.619788758288394,298.39,2.6184000000000016,3,5
88,CHEMBL59416,C=CCc1cc(Cc2cnc(N)nc2N)cc(OC)c1O,active,8.920818753952375,286.335,1.6744999999999997,3,6
89,CHEMBL60821,C/C=C/c1cc(Cc2cnc(N)nc2N)cc(CCC)c1OC,active,7.443697499232712,312.41700000000003,3.2260000000000018,2,5
90,CHEMBL60069,CCCOc1cc(Cc2cnc(N)nc2N)cc(OC)c1OC,active,8.346787486224656,318.37700000000007,2.0378,2,7
91,CHEMBL61356,CCCc1cc(Cc2cnc(N)nc2N)cc2c1OC(C)C2,active,7.6777807052660805,298.39000000000004,2.5077000000000007,2,5
92,CHEMBL23609,CCOc1cc(Cc2cnc(N)nc2N)cc(OC)c1OC,active,8.397940008672037,304.35,1.6477000000000002,2,7
93,CHEMBL59470,C=CCc1cc(Cc2cnc(N)nc2N)cc(CC=C)c1O,active,7.619788758288394,296.374,2.3944000000000005,3,5
94,CHEMBL61357,C=CCOc1ccc(Cc2cnc(N)nc2N)cc1CC=C,active,7.136677139879544,296.3740000000001,2.525100000000001,2,5
95,CHEMBL301629,CCCc1cc(Cc2cnc(N)nc2N)cc2c1OC(C)(C)C2,active,6.552841968657781,312.4170000000001,2.897800000000002,2,5
96,CHEMBL22,COc1cc(Cc2cnc(N)nc2N)cc(OC)c1OC,active,8.301029995663981,290.32300000000004,1.2575999999999998,2,7
97,CHEMBL22,COc1cc(Cc2cnc(N)nc2N)cc(OC)c1OC,active,8.221848749616356,290.32300000000004,1.2575999999999998,2,7
98,CHEMBL59369,COc1cc(Cc2cnc(N)nc2N)ccc1O,active,7.180456064458132,246.27,0.9459999999999997,3,6
99,CHEMBL282022,C=CCc1cc(Cc2cnc(N)nc2N)cc(OC)c1OC,active,8.0,300.362,1.9774999999999998,2,6
100,CHEMBL61857,CCCc1cc(Cc2cnc(N)nc2N)cc2c1OC(C)C2C,active,7.886056647693163,312.41700000000003,3.0687000000000015,2,5
101,CHEMBL59946,C=CCOc1cc(Cc2cnc(N)nc2N)cc(OC)c1OC,active,8.09151498112135,316.3610000000001,1.8138,2,7
102,CHEMBL301030,C/C=C/c1cc(Cc2cnc(N)nc2N)cc(/C=C/C)c1OC,active,8.301029995663981,310.40100000000007,3.3066000000000013,2,5
103,CHEMBL58481,CCc1cc(Cc2cnc(N)nc2N)cc2c1OC(C)C2,active,7.721246399047171,284.36300000000006,2.1176,2,5
104,CHEMBL126239,COc1cc(CC2=CC(Cc3cc(OC)c(O)c(OC)c3)C(=O)N=C2N)cc(OC)c1O,inactive,1.8860566476931633,442.4680000000002,2.3574000000000006,3,8
105,CHEMBL116828,Cc1cc(Cc2cnc(N)nc2N)cc(Cl)c1N,active,6.886056647693163,263.73199999999997,1.7758199999999997,3,5
106,CHEMBL119891,COc1c(C)c(C)c(Cc2cnc(N)nc2N)c(C)c1C,active,6.508638306165727,286.379,2.4740800000000007,2,5
107,CHEMBL277176,CC(C)(C)c1cc(Cc2cnc(N)nc2N)cc(C(C)(C)C)c1O,active,6.769551078621726,328.4600000000001,3.532400000000002,3,5
108,CHEMBL24430,CCc1cc(Cc2cnc(N)nc2N)cc(C)c1O,active,7.721246399047171,258.325,1.80822,3,5
109,CHEMBL120920,Cc1cc(Cc2cnc(N)nc2N)cc(C(C)(C)C)c1N,active,7.045757490560675,285.395,2.41992,3,5
110,CHEMBL23250,CCc1cc(Cc2cnc(N)nc2N)cc(CC)c1OC,active,7.853871964321762,286.379,2.3652000000000006,2,5
111,CHEMBL127987,CCc1cc(Cc2cc(Cc3cc(CC)c(O)c(CC)c3)c(N)nc2N)cc(CC)c1O,inactive,3.0,433.5960000000002,5.0884000000000045,4,5
112,CHEMBL127987,CCc1cc(Cc2cc(Cc3cc(CC)c(O)c(CC)c3)c(N)nc2N)cc(CC)c1O,inactive,2.769551078621726,433.5960000000002,5.0884000000000045,4,5
113,CHEMBL23746,CCCc1cc(Cc2cnc(N)nc2N)cc(CCC)c1O,active,8.154901959985743,300.406,2.842400000000002,3,5
114,CHEMBL129087,COc1cc(Cc2cnc(N)cc2N)cc(OC)c1O,inactive,4.431798275933005,275.308,1.5595999999999999,3,6
115,CHEMBL127797,CCc1cc(Cc2ccc(N)nc2N)cc(CC)c1O,inactive,1.9208187539523751,271.3639999999999,2.6672000000000007,3,4
116,CHEMBL126705,COc1cc(Cc2cc(Cc3cc(OC)c(O)c(OC)c3)c(N)nc2N)cc(OC)c1O,inactive,1.3979400086720375,441.4840000000002,2.8732,4,9
117,CHEMBL120807,Nc1ncc(Cc2cc(Cl)c(N)c(Cl)c2)c(N)n1,active,6.958607314841775,284.15,2.1208,3,5
118,CHEMBL22,COc1cc(Cc2cnc(N)nc2N)cc(OC)c1OC,active,8.154901959985743,290.32300000000004,1.2575999999999998,2,7
119,CHEMBL25817,CCc1cc(Cc2cnc(N)nc2N)cc(CC)c1O,active,7.795880017344075,272.352,2.0622000000000003,3,5
120,CHEMBL23384,Cc1cc(Cc2cnc(N)nc2N)cc(C(C)(C)C)c1O,active,6.958607314841775,286.37899999999996,2.543320000000001,3,5
121,CHEMBL26337,CCCc1cc(Cc2cnc(N)nc2N)cc(CCC)c1OC,active,7.356547323513812,314.43300000000005,3.145400000000002,2,5
122,CHEMBL287553,COc1c(C)cc(Cc2cnc(N)nc2N)cc1C,active,6.823908740944319,258.325,1.85724,2,5
123,CHEMBL126299,COc1cc(CC2C=CC(N)=NC2=O)cc(OC)c1O,inactive,2.987162775294828,276.292,1.0216999999999998,2,5
124,CHEMBL332481,CCOc1c(CC)cc(Cc2cnc(N)nc2N)cc1CC,active,7.698970004336019,300.40600000000006,2.755300000000001,2,5
125,CHEMBL280374,COc1c(C(C)C)cc(Cc2cnc(N)nc2N)cc1C(C)C,active,6.795880017344075,314.43300000000005,3.4872000000000014,2,5
126,CHEMBL24155,COc1c(C)cc(Cc2cnc(N)nc2N)cc1C(C)(C)C,active,6.698970004336019,300.40600000000006,2.8463200000000013,2,5
127,CHEMBL432987,CCc1cc(Cc2cnc(N)nc2N)cc(CC)c1OCCO,active,7.795880017344075,316.4050000000001,1.7277,3,6
128,CHEMBL279455,CCCc1cc(Cc2cnc(N)nc2N)cc(CC)c1OC,active,7.920818753952375,300.406,2.755300000000001,2,5
129,CHEMBL332518,CCOc1c(C)c(C)c(Cc2cnc(N)nc2N)c(C)c1C,active,6.42021640338319,300.40600000000006,2.864180000000001,2,5
130,CHEMBL116183,CCOc1cc(Cc2cnc(N)nc2N)cc(OCC)c1OCC,active,8.522878745280337,332.4040000000001,2.4279,2,7
131,CHEMBL118367,CCCCC(CC)COc1c(CC)cc(Cc2cnc(N)nc2N)cc1CC,active,6.823908740944319,384.56800000000015,4.951800000000003,2,5
132,CHEMBL23447,CCc1cc(Cc2cnc(N)nc2N)cc(C)c1OC,active,7.275724130399211,272.35200000000003,2.11122,2,5
133,CHEMBL118597,Cc1cc(Cc2cnc(N)nc2N)cc(C)c1N,active,6.7447274948966935,243.31399999999996,1.43084,3,5
134,CHEMBL418865,CCc1cc(Cc2cnc(N)nc2N)cc(C(C)CC)c1N,active,7.6777807052660805,299.4220000000001,2.889900000000001,3,5
135,CHEMBL417833,Cc1cc(Cc2cnc(N)nc2N)cc(C)c1O,active,7.154901959985743,244.29799999999997,1.5542399999999998,3,5
136,CHEMBL25888,CCCc1cc(Cc2cnc(N)nc2N)cc(CC)c1O,active,8.221848749616356,286.37899999999996,2.4523000000000006,3,5
137,CHEMBL122468,COc1cc(Cc2cnc(N)nc2N)ccc1N,active,6.853871964321762,245.286,0.8225999999999998,3,6
138,CHEMBL118480,Nc1ncc(Cc2cc(I)c(O)c(I)c2)c(N)n1,active,8.0,468.03600000000006,2.1466,3,5
139,CHEMBL128600,COc1cc(Cc2ccc(N)nc2N)cc(OC)c1O,inactive,2.0,275.308,1.5595999999999997,3,6
140,CHEMBL334021,Nc1ncc(Cc2cc(I)c(OCCCOc3ccccc3)c(I)c2)c(N)n1,active,7.5376020021010435,602.214,4.288900000000003,2,6
141,CHEMBL126556,CC(C)c1cc(Cc2cnc(N)c(Br)c2N)cc(C(C)C)c1O,inactive,2.4814860601221125,378.3140000000001,4.551700000000003,3,4
142,CHEMBL122351,COc1cc(Cc2cnc(N)nc2N)cc(OC)c1N,active,8.0,275.312,0.8311999999999997,3,7
143,CHEMBL120366,COc1c(I)cc(Cc2cnc(N)nc2N)cc1I,active,8.0,482.0630000000001,2.4495999999999993,2,5
144,CHEMBL120368,CCCCCCCCCCCCOc1c(CC)cc(Cc2cnc(N)nc2N)cc1CC,intermediate,5.756961951313706,440.6760000000002,6.656300000000006,2,5
145,CHEMBL340213,COc1cc(Cc2cnc(N)c(Br)c2N)cc(OC)c1O,inactive,1.3767507096020994,354.2040000000001,2.3221000000000003,3,6
146,CHEMBL119378,CCc1cc(Cc2cnc(N)nc2N)cc(C)c1N,active,7.318758762624412,257.341,1.6848200000000002,3,5
147,CHEMBL116993,CCc1cc(Cc2cnc(N)nc2N)cc(CC)c1OCCOCc1ccccc1,active,7.823908740944319,406.5300000000002,3.952200000000003,2,6
148,CHEMBL440946,CC(C)c1cc(Cc2cnc(N)nc2N)cc(C(C)C)c1O,active,7.494850021680094,300.406,3.184200000000001,3,5
149,CHEMBL333696,CCc1cc(Cc2cnc(N)nc2N)cc(CC)c1N,active,8.494850021680094,271.368,1.9388,3,5
150,CHEMBL126436,CC(C)c1cc(Cc2cnc(N)cc2N)cc(C(C)C)c1O,inactive,3.9430951486635273,299.418,3.7892000000000015,3,4
151,CHEMBL1181,COc1cc(Cc2cnc(N)nc2N)cc(OC)c1O,active,7.958607314841775,276.296,0.9545999999999997,3,7
152,CHEMBL129710,COc1cc(Cc2cnc(N)c(F)c2N)cc(OC)c1O,inactive,3.2924298239020637,293.298,1.6986999999999999,3,6
153,CHEMBL19633,COc1ccc(Cc2cnc(N)nc2N)cc1OC,active,7.2076083105017466,260.29699999999997,1.2489999999999999,2,6
154,CHEMBL440334,CCCCOc1c(CCC)cc(Cc2cnc(N)nc2N)cc1CCC,active,7.769551078621726,356.5140000000002,4.315700000000002,2,5
155,CHEMBL59369,COc1cc(Cc2cnc(N)nc2N)ccc1O,active,7.180456064458132,246.27,0.9459999999999997,3,6
156,CHEMBL118877,CCc1cc(Cc2cnc(N)nc2N)cc(CC)c1OCCCOc1ccccc1,active,7.494850021680094,406.5300000000002,4.204500000000003,2,6
157,CHEMBL116650,CC(C)c1cc(Cc2cnc(N)nc2N)cc(C(C)C)c1N,active,7.769551078621726,299.422,3.0608000000000004,3,5
158,CHEMBL333424,Nc1ncc(Cc2cc(Br)c(N)c(Br)c2)c(N)n1,active,7.552841968657781,373.052,2.339,3,5
159,CHEMBL339571,COc1cc(Cc2c(N)ccnc2N)cc(OC)c1O,inactive,1.3979400086720375,275.30800000000005,1.5595999999999999,3,6
160,CHEMBL24374,COc1c(C(C)(C)C)cc(Cc2cnc(N)nc2N)cc1C(C)(C)C,active,6.356547323513812,342.4870000000001,3.8354000000000017,2,5
161,CHEMBL118237,Cc1cc(Cc2cnc(N)nc2N)cc(C(C)C)c1N,active,6.1938200260161125,271.368,2.24582,3,5
162,CHEMBL146925,COc1ccc(CN2CCc3nc4nc(N)nc(N)c4cc3C2)cc1,intermediate,5.096910013008056,336.3990000000001,1.7560999999999993,2,7
163,CHEMBL119,COc1cc(NCc2ccc3nc(N)nc(N)c3c2C)cc(OC)c1OC,active,8.154901959985743,369.4250000000001,2.740520000000001,3,8
164,CHEMBL439816,Nc1nc(N)c2cc3c(nc2n1)CCN(Cc1ccc(Cl)c(Cl)c1)C3,intermediate,5.522878745280337,375.26300000000003,3.0543000000000013,2,6
165,CHEMBL421959,Nc1nc(N)c2cc3c(nc2n1)CCN(Cc1ccccc1)C3,inactive,5.0,306.373,1.7474999999999996,2,6
166,CHEMBL148599,Nc1nc(N)c2cc3c(nc2n1)CCN(C(=O)OCc1ccccc1)C3,intermediate,5.522878745280337,350.38200000000006,1.8840999999999997,2,7
167,CHEMBL34259,CN(Cc1cnc2nc(N)nc(N)c2n1)c1ccc(C(=O)N[C@@H](CCC(=O)O)C(=O)O)cc1,active,8.221848749616356,454.44700000000023,0.2684000000000012,5,10
168,CHEMBL422316,Nc1nc(N)c2cc3c(nc2n1)CCN(Cc1ccc(C(=O)N[C@@H](CCC(=O)O)C(=O)O)cc1)C3,active,6.045757490560675,479.49700000000024,0.7952999999999998,5,9
169,CHEMBL22,COc1cc(Cc2cnc(N)nc2N)cc(OC)c1OC,active,7.698970004336019,290.32300000000004,1.2575999999999998,2,7
170,CHEMBL357973,COc1cc(CN2CCc3nc4nc(N)nc(N)c4cc3C2)cc(OC)c1,intermediate,5.522878745280337,366.4250000000002,1.7646999999999995,2,8
171,CHEMBL149027,Nc1nc(N)c2cc3c(nc2n1)CCN(Cc1ccc(Cl)cc1Cl)C3,intermediate,5.522878745280337,375.26300000000003,3.0543000000000013,2,6
172,CHEMBL22,COc1cc(Cc2cnc(N)nc2N)cc(OC)c1OC,active,7.823908740944319,290.32300000000004,1.2575999999999998,2,7
173,CHEMBL154935,CCc1[nH]c(N)nc2nc(C)c(CCc3ccc(C(=O)N[C@@H](CCC(=O)O)C(=O)O)cc3)c1-2,inactive,4.657577319177793,453.4990000000002,2.195520000000001,5,6
174,CHEMBL34259,CN(Cc1cnc2nc(N)nc(N)c2n1)c1ccc(C(=O)N[C@@H](CCC(=O)O)C(=O)O)cc1,active,8.154901959985743,454.44700000000023,0.2684000000000012,5,10
175,CHEMBL439973,Cc1nc(N)nc2[nH]cc(CCc3ccc(C(=O)N[C@@H](CCC(=O)O)C(=O)O)cc3)c12,intermediate,5.7447274948966935,425.4450000000002,1.6815199999999997,5,6
176,CHEMBL225072,Nc1nc2[nH]cc(CCc3ccc(C(=O)N[C@@H](CCC(=O)O)C(=O)O)cc3)c2c(=O)[nH]1,inactive,3.638272163982407,427.41700000000014,0.6664000000000003,6,6
177,CHEMBL157434,CCc1[nH]c(N)nc2ncc(CCc3ccc(C(=O)N[C@@H](CCC(=O)O)C(=O)O)cc3)c1-2,active,6.036212172654444,439.4720000000002,1.8871,5,6
178,CHEMBL147870,Nc1nc(N)c2cc(CNc3ccc(Cl)c(Cl)c3)cnc2n1,active,6.6020599913279625,335.19800000000004,3.108100000000001,3,6
179,CHEMBL147870,Nc1nc(N)c2cc(CNc3ccc(Cl)c(Cl)c3)cnc2n1,active,6.638272163982407,335.19800000000004,3.108100000000001,3,6
180,CHEMBL32113,COc1ccc(OC)c(CN(C)c2cnc3nc(N)nc(N)c3c2)c1,active,7.075720713938118,340.38700000000006,1.8427999999999998,2,8
181,CHEMBL32113,COc1ccc(OC)c(CN(C)c2cnc3nc(N)nc(N)c3c2)c1,active,8.200659450546418,340.38700000000006,1.8427999999999998,2,8
182,CHEMBL22924,Nc1nc(N)c2cc(CNc3cccc4ccccc34)cnc2n1,active,7.154901959985743,316.36800000000005,2.9545000000000012,3,6
183,CHEMBL22924,Nc1nc(N)c2cc(CNc3cccc4ccccc34)cnc2n1,active,7.017728766960431,316.36800000000005,2.9545000000000012,3,6
184,CHEMBL142741,COc1cc(N(C)Cc2cnc3nc(N)nc(N)c3c2)cc(OC)c1OC,active,6.619788758288394,370.4130000000002,1.8514000000000002,2,9
185,CHEMBL142741,COc1cc(N(C)Cc2cnc3nc(N)nc(N)c3c2)cc(OC)c1OC,active,8.045757490560675,370.4130000000002,1.8514000000000002,2,9
186,CHEMBL145979,Nc1nc(N)c2cc(CNc3cc(Cl)ccc3Cl)cnc2n1,active,6.356547323513812,335.19800000000004,3.108100000000001,3,6
187,CHEMBL145979,Nc1nc(N)c2cc(CNc3cc(Cl)ccc3Cl)cnc2n1,active,6.522878745280337,335.19800000000004,3.108100000000001,3,6
188,CHEMBL50514,COc1cc(N(C)Cc2cnc3nc(N)nc(N)c3c2C)cc(OC)c1OC,active,7.886056647693163,384.4400000000002,2.1598200000000007,2,9
189,CHEMBL50514,COc1cc(N(C)Cc2cnc3nc(N)nc(N)c3c2C)cc(OC)c1OC,active,9.070581074285707,384.4400000000002,2.1598200000000007,2,9
190,CHEMBL22,COc1cc(Cc2cnc(N)nc2N)cc(OC)c1OC,inactive,4.920818753952375,290.32300000000004,1.2575999999999998,2,7
191,CHEMBL22,COc1cc(Cc2cnc(N)nc2N)cc(OC)c1OC,intermediate,5.568636235841013,290.32300000000004,1.2575999999999998,2,7
192,CHEMBL149301,COc1ccc(NCc2cnc3nc(N)nc(N)c3c2)cc1OC,active,6.366531544420414,326.36000000000007,1.8184999999999998,3,8
193,CHEMBL149301,COc1ccc(NCc2cnc3nc(N)nc(N)c3c2)cc1OC,active,6.481486060122113,326.36000000000007,1.8184999999999998,3,8
194,CHEMBL7492,COc1ccc(OC)c(Cc2cnc3nc(N)nc(N)c3c2C)c1,active,7.508638306165727,325.37200000000007,2.10562,2,7
195,CHEMBL7492,COc1ccc(OC)c(Cc2cnc3nc(N)nc(N)c3c2C)c1,active,7.958607314841775,325.37200000000007,2.10562,2,7
196,CHEMBL358351,Nc1nc(N)c2cc(CNc3cc(Cl)c(Cl)c(Cl)c3)cnc2n1,active,6.455931955649724,369.6430000000001,3.7615000000000007,3,6
197,CHEMBL358351,Nc1nc(N)c2cc(CNc3cc(Cl)c(Cl)c(Cl)c3)cnc2n1,active,6.008773924307505,369.6430000000001,3.7615000000000007,3,6
198,CHEMBL23288,COc1cc(NCc2cnc3nc(N)nc(N)c3c2)cc(OC)c1OC,intermediate,5.823908740944319,356.38600000000014,1.8270999999999997,3,9
199,CHEMBL23288,COc1cc(NCc2cnc3nc(N)nc(N)c3c2)cc(OC)c1OC,active,6.522878745280337,356.38600000000014,1.8270999999999997,3,9
200,CHEMBL356279,COc1cccc(NCc2cnc3nc(N)nc(N)c3c2)c1,active,6.2839966563652006,296.33400000000006,1.8098999999999996,3,7
201,CHEMBL356279,COc1cccc(NCc2cnc3nc(N)nc(N)c3c2)c1,active,6.6777807052660805,296.33400000000006,1.8098999999999996,3,7
202,CHEMBL424135,COc1ccc(OC)c(NCc2cnc3nc(N)nc(N)c3c2)c1,intermediate,5.214670164989233,326.36000000000007,1.8184999999999998,3,8
203,CHEMBL424135,COc1ccc(OC)c(NCc2cnc3nc(N)nc(N)c3c2)c1,active,6.346787486224656,326.36000000000007,1.8184999999999998,3,8
204,CHEMBL146622,CN(Cc1cnc2nc(N)nc(N)c2c1)c1ccccc1,inactive,4.0,280.335,1.8256000000000003,2,6
205,CHEMBL146039,Nc1nc(N)c2cc(CNc3ccc4ccccc4c3)cnc2n1,intermediate,5.698970004336019,316.36800000000005,2.9545000000000012,3,6
206,CHEMBL146039,Nc1nc(N)c2cc(CNc3ccc4ccccc4c3)cnc2n1,active,6.080921907623926,316.36800000000005,2.9545000000000012,3,6
207,CHEMBL147828,CN(Cc1cnc2nc(N)nc(N)c2c1)c1ccc(Cl)c(Cl)c1,active,6.882728704344236,349.225,3.1324000000000005,2,6
208,CHEMBL147828,CN(Cc1cnc2nc(N)nc(N)c2c1)c1ccc(Cl)c(Cl)c1,active,6.958607314841775,349.225,3.1324000000000005,2,6
209,CHEMBL149099,CN(Cc1cnc2nc(N)nc(N)c2c1)c1cc(Cl)c(Cl)c(Cl)c1,active,6.707743928643524,383.6700000000001,3.785800000000002,2,6
210,CHEMBL149099,CN(Cc1cnc2nc(N)nc(N)c2c1)c1cc(Cl)c(Cl)c(Cl)c1,intermediate,5.703334809738469,383.6700000000001,3.785800000000002,2,6
211,CHEMBL23532,COc1cc(NCc2cnc3nc(N)nc(N)c3c2C)cc(OC)c1OC,active,7.0655015487564325,370.4130000000002,2.1355199999999996,3,9
212,CHEMBL23532,COc1cc(NCc2cnc3nc(N)nc(N)c3c2C)cc(OC)c1OC,active,8.130768280269024,370.4130000000002,2.1355199999999996,3,9
213,CHEMBL358003,Nc1nc(N)c2cc(CNc3ccccc3)cnc2n1,intermediate,5.653647025549361,266.308,1.8013000000000001,3,6
214,CHEMBL358003,Nc1nc(N)c2cc(CNc3ccccc3)cnc2n1,active,6.568636235841013,266.308,1.8013000000000001,3,6
215,CHEMBL119,COc1cc(NCc2ccc3nc(N)nc(N)c3c2C)cc(OC)c1OC,active,7.376750709602099,369.4250000000001,2.740520000000001,3,8
216,CHEMBL119,COc1cc(NCc2ccc3nc(N)nc(N)c3c2C)cc(OC)c1OC,active,8.0,369.4250000000001,2.740520000000001,3,8
217,CHEMBL347759,C/C=C(\c1cc(OC)c(OC)c(OC)c1)c1cnc(N)nc1N,active,6.299997602857746,316.36100000000005,2.1184,2,7
218,CHEMBL1260,COc1cc(C(O)c2cnc(N)nc2N)cc(OC)c1OC,intermediate,5.349999603463148,306.32200000000006,0.7484999999999998,3,8
219,CHEMBL60639,CC(Cc1coc2nc(N)cc(N)c12)c1ccc(C(=O)NC(CCC(=O)O)C(=O)O)cc1,intermediate,5.958607314841775,440.4560000000002,2.3862000000000005,5,7
220,CHEMBL1260,COc1cc(C(O)c2cnc(N)nc2N)cc(OC)c1OC,intermediate,5.349999603463148,306.32200000000006,0.7484999999999998,3,8
221,CHEMBL18967,COc1cccc(Cc2cnc(N)nc2N)c1,active,6.399996913372259,230.271,1.2404,2,5
222,CHEMBL339058,COc1cc(Cc2c(C)nc(N)nc2N)cc(OC)c1O,active,6.519993057042849,290.32300000000004,1.2630199999999998,3,7
223,CHEMBL265493,Nc1ncc(Cc2ccccc2)c(N)n1,intermediate,5.710001024518514,200.245,1.2318,2,4
224,CHEMBL19293,Nc1ncc(Cc2ccc(Br)cc2)c(N)n1,active,6.299997602857746,279.141,1.9943,2,4
225,CHEMBL31619,Nc1ncc(Cc2cc(CO)cc(CO)c2)c(N)n1,intermediate,5.829999526735649,260.29699999999997,0.21639999999999993,4,6
226,CHEMBL56602,Cc1cc(C)cc(Cc2cnc(N)nc2N)c1,active,7.450016388840311,228.299,1.8486399999999998,2,4
227,CHEMBL56977,CCC(Cc1coc2nc(N)cc(N)c12)c1ccc(C(=O)NC(CCC(=O)O)C(=O)O)cc1,active,6.356547323513812,454.48300000000023,2.7763,5,7
228,CHEMBL34259,CN(Cc1cnc2nc(N)nc(N)c2n1)c1ccc(C(=O)N[C@@H](CCC(=O)O)C(=O)O)cc1,active,8.045757490560675,454.44700000000023,0.2684000000000012,5,10
229,CHEMBL141781,COc1cc(C(C)c2cnc(N)nc2N)cc(OC)c1OC,inactive,4.0,304.35,1.8186,2,7
230,CHEMBL144153,C=C(c1cc(OC)c(OC)c(OC)c1)c1cnc(N)nc1N,intermediate,5.59999938302362,302.33400000000006,1.7283,2,7
231,CHEMBL22,COc1cc(Cc2cnc(N)nc2N)cc(OC)c1OC,active,8.230032198670557,290.32300000000004,1.2575999999999998,2,7
232,CHEMBL417095,Nc1ncc(Cc2cccc(Cl)c2)c(N)n1,active,6.139997578098902,234.69,1.8852,2,4
233,CHEMBL1181,COc1cc(Cc2cnc(N)nc2N)cc(OC)c1O,active,7.96018944585165,276.296,0.9545999999999997,3,7
234,CHEMBL325533,COc1cc(Cc2c(C)nc(N)nc2N)cc(OC)c1OC,active,7.0,304.3500000000001,1.5660199999999997,2,7
235,CHEMBL31891,COc1cc(Cc2cnc(N)nc2N)cc(OC)c1Br,active,8.53003079050004,339.193,2.0115,2,6
236,CHEMBL283279,Nc1ncc(Cc2cc(O)cc(O)c2)c(N)n1,inactive,2.7799999993294398,232.243,0.643,4,6
237,CHEMBL287241,COc1cc(Cc2cnc(N)nc2N)cc(OC)c1,active,7.7500682433658055,260.29699999999997,1.2489999999999997,2,6
238,CHEMBL56101,Nc1ncc(Cc2ccc(-c3ccccc3)cc2)c(N)n1,active,6.399996913372259,276.343,2.8988000000000005,2,4
239,CHEMBL141781,COc1cc(C(C)c2cnc(N)nc2N)cc(OC)c1OC,inactive,4.0,304.35,1.8186,2,7
240,CHEMBL105006,COc1cc(Cc2cnc(N)nc2N)cc(OC)c1OCCCCCC(=O)O,active,7.698970004336019,390.4400000000003,2.2727999999999997,3,8
241,CHEMBL56282,CCCCCCCCOc1c(OC)cc(Cc2cnc(N)nc2N)cc1OC,active,8.397940008672037,388.51200000000017,3.9883000000000015,2,7
242,CHEMBL173175,COc1cc(Cc2cnc(N)nc2N)cc(OC)c1OCC(O)CO,active,7.853871964321762,350.3750000000001,-0.01900000000000046,4,9
243,CHEMBL173901,CCCCOc1c(OC)cc(Cc2cnc(N)nc2N)cc1OC,active,8.0,332.40400000000005,2.4279,2,7
244,CHEMBL287241,COc1cc(Cc2cnc(N)nc2N)cc(OC)c1,active,7.251811972993799,260.29699999999997,1.2489999999999997,2,6
245,CHEMBL171839,COc1cc(Cc2cnc(N)nc2N)cc(OC)c1OCCN,active,7.657577319177793,319.3650000000001,0.5865000000000004,3,8
246,CHEMBL104675,COc1cc(Cc2cnc(N)nc2N)cc(OC)c1OCC(=O)O,active,6.494850021680094,334.3320000000001,0.7123999999999995,3,8
247,CHEMBL22,COc1cc(Cc2cnc(N)nc2N)cc(OC)c1OC,active,8.301029995663981,290.32300000000004,1.2575999999999998,2,7
248,CHEMBL174309,CCCCCOc1c(OC)cc(Cc2cnc(N)nc2N)cc1OC,active,7.823908740944319,346.4310000000001,2.8180000000000005,2,7
249,CHEMBL172808,COc1cc(Cc2cnc(N)nc2N)cc(OC)c1OCCCCN1C(=O)c2ccccc2C1=O,active,7.552841968657781,477.52100000000036,2.7042,2,9
250,CHEMBL32039,COCCOc1c(OC)cc(Cc2cnc(N)nc2N)cc1OC,active,7.7447274948966935,334.3760000000001,1.2742,2,8
251,CHEMBL170172,CCOc1c(OC)cc(Cc2cnc(N)nc2N)cc1OC,active,8.1249387366083,304.35,1.6476999999999997,2,7
252,CHEMBL368393,COc1cc(Cc2cnc(N)nc2N)cc(OC)c1OCCCN,active,7.337242168318426,333.39200000000017,0.9765999999999999,3,8
253,CHEMBL174433,CCc1c(OC)cc(Cc2cnc(N)nc2N)cc1OC,active,8.00436480540245,288.35100000000006,1.8114,2,6
254,CHEMBL173641,COc1cc(Cc2cnc(N)nc2N)cc(OC)c1OCc1ccc([N+](=O)[O-])cc1,active,8.096910013008056,411.4180000000002,2.736200000000001,2,9
255,CHEMBL367218,COc1cc(Cc2cnc(N)nc2N)cc(OC)c1OCCCl,active,7.823908740944319,338.7950000000001,1.8665999999999998,2,7
256,CHEMBL172131,COc1cc(Cc2cnc(N)nc2N)cc(OC)c1OCCCN1CCCCC1,active,7.337242168318426,401.51100000000037,2.5038,2,8
257,CHEMBL367061,COc1cc(Cc2cnc(N)nc2N)cc(OC)c1Oc1ccc([N+](=O)[O-])cc1,active,8.10790539730952,397.39100000000013,2.9495000000000013,2,9
258,CHEMBL174404,COc1cc(Cc2cnc(N)nc2N)cc(OC)c1OCC(C)C,active,7.698970004336019,332.4040000000001,2.2838000000000003,2,7
259,CHEMBL172805,COc1cc(Cc2cnc(N)nc2N)cc(OC)c1OCCCO,active,8.3767507096021,334.37600000000015,1.0101999999999998,3,8
260,CHEMBL366869,COc1cc(Cc2cnc(N)nc2N)cc(OC)c1OCCCN1C(=O)c2ccccc2C1=O,active,7.7447274948966935,463.4940000000003,2.3141,2,9
261,CHEMBL174091,COc1cc(COc2c(OC)cc(Cc3cnc(N)nc3N)cc2OC)cc(OC)c1OC,active,7.698970004336019,456.49900000000025,2.8538000000000014,2,10
262,CHEMBL369057,COc1cc(Cc2cnc(N)nc2N)cc(OC)c1OCCCCCCN,active,7.823908740944319,375.4730000000003,2.1468999999999996,3,8
263,CHEMBL263732,COc1cc(Cc2cnc(N)nc2N)cc(OC)c1C,active,8.130768280269024,274.324,1.5574199999999998,2,6
264,CHEMBL173709,COc1cc(Cc2cnc(N)nc2N)cc(OC)c1OCCO,active,7.657577319177793,320.3490000000001,0.6200999999999999,3,8
265,CHEMBL366561,COc1cc(Cc2cnc(N)nc2N)cc(OC)c1OCCN1CCOCC1,active,7.853871964321762,389.4560000000003,0.9600000000000004,2,9
266,CHEMBL322001,CCOC(=O)COc1c(OC)cc(Cc2cnc(N)nc2N)cc1OC,active,7.769551078621726,362.38600000000014,1.1908999999999996,2,9
267,CHEMBL170369,CCCOc1c(OC)cc(Cc2cnc(N)nc2N)cc1OC,active,7.886056647693163,318.37700000000007,2.0378,2,7
268,CHEMBL427305,C=CCOc1c(OC)cc(Cc2cnc(N)nc2N)cc1OC,active,8.2839966563652,316.36100000000005,1.8137999999999999,2,7
269,CHEMBL171639,COc1cc(Cc2cnc(N)nc2N)cc(OC)c1Oc1ccc(NC(=O)CBr)cc1,active,8.397940008672037,488.34200000000016,3.3747000000000016,3,8
270,CHEMBL173265,COc1cc(Cc2cnc(N)nc2N)cc(OC)c1OCC1CO1,active,7.853871964321762,332.3600000000001,1.0265999999999997,2,8
271,CHEMBL173069,COc1cc(Cc2cnc(N)nc2N)cc(OC)c1OCCN1C(=O)c2ccccc2C1=O,active,7.7447274948966935,449.46700000000027,1.924,2,9
272,CHEMBL355793,COc1cc(Cc2cnc(N)nc2N)cc(OC)c1OC(C)C,active,7.619788758288394,318.37700000000007,2.0362,2,7
273,CHEMBL176489,COc1cc(Cc2cnc(N)nc2N)cc(OC)c1OCCCCl,active,8.301029995663981,352.8220000000001,2.2567000000000004,2,7
274,CHEMBL423434,COc1cc(Cc2cnc(N)nc2N)cc(OC)c1Oc1ccc(N)cc1,active,8.200659450546418,367.4090000000001,2.6235,3,8
275,CHEMBL279509,COc1cc(Cc2cnc(N)nc2N)cc(OC)c1OCc1ccccc1,active,7.853871964321762,366.4210000000001,2.828000000000001,2,7
276,CHEMBL174033,COc1cc(Cc2cnc(N)nc2N)cc(OC)c1OCCCCCCN1C(=O)c2ccccc2C1=O,active,7.3979400086720375,505.57500000000044,3.4844000000000026,2,9
277,CHEMBL318078,COC(=O)CCCCCOc1c(OC)cc(Cc2cnc(N)nc2N)cc1OC,active,7.2076083105017466,404.46700000000016,2.3611999999999993,2,9
278,CHEMBL172495,CCC(C)Oc1c(OC)cc(Cc2cnc(N)nc2N)cc1OC,active,7.795880017344075,332.40400000000005,2.4263000000000003,2,7
279,CHEMBL369211,CCCCCCOc1c(OC)cc(Cc2cnc(N)nc2N)cc1OC,active,8.3767507096021,360.45800000000014,3.2081,2,7
280,CHEMBL173595,COc1cc(Cc2cnc(N)nc2N)cc(OC)c1OCCCN1CCN(C)CC1,active,7.6777807052660805,416.52600000000035,1.2653000000000014,2,9
281,CHEMBL1181,COc1cc(Cc2cnc(N)nc2N)cc(OC)c1O,active,7.958607314841775,276.296,0.9545999999999997,3,7
282,CHEMBL22,COc1cc(Cc2cnc(N)nc2N)cc(OC)c1OC,active,7.7447274948966935,290.32300000000004,1.2575999999999998,2,7
283,CHEMBL116200,COc1ccc(CNc2ccc3nc(N)nc(N)c3c2)c(OC)c1,active,6.4089353929735005,325.37200000000007,2.4234999999999998,3,7
284,CHEMBL114839,Nc1nc(N)c2cc(NCc3cccc4c3CCCC4)ccc2n1,active,6.823908740944319,319.41200000000003,3.2851000000000017,3,5
285,CHEMBL325434,COc1ccc(OC)c(CN(C)c2ccc3nc(N)nc(N)c3c2)c1,active,8.10790539730952,339.39900000000006,2.4478,2,7
286,CHEMBL114058,COc1cc(OC)c(CNc2ccc3nc(N)nc(N)c3c2)c(OC)c1,active,6.0,355.39800000000014,2.4321,3,8
287,CHEMBL115804,COc1ccc(CN(C)c2ccc3nc(N)nc(N)c3c2)c(OC)c1,active,7.886056647693163,339.3990000000001,2.4478,2,7
288,CHEMBL114354,CN(Cc1cccc2c1CCCC2)c1ccc2nc(N)nc(N)c2c1,active,8.267606240177031,333.439,3.3094,2,5
289,CHEMBL113999,COc1cc(CNc2ccc3nc(N)nc(N)c3c2)cc(OC)c1OC,active,6.638272163982407,355.39800000000014,2.4321,3,8
290,CHEMBL117750,COc1ccc(CN(C)c2ccc3nc(N)nc(N)c3c2)c(OC)c1OC,active,8.09151498112135,369.4250000000002,2.4564000000000004,2,8
291,CHEMBL116815,COc1cc(CNc2ccc3nc(N)nc(N)c3c2)cc(OC)c1,active,6.376750709602099,325.37200000000007,2.4235000000000007,3,7
292,CHEMBL116637,COc1ccc(CNc2ccc3nc(N)nc(N)c3c2)c(OC)c1OC,active,6.3872161432802645,355.39800000000014,2.4321,3,8
293,CHEMBL116816,COc1ccc(OC)c(CNc2ccc3nc(N)nc(N)c3c2)c1,active,6.376750709602099,325.37200000000007,2.4234999999999998,3,7
294,CHEMBL113816,COc1cc(CN(C)c2ccc3nc(N)nc(N)c3c2)cc(OC)c1,active,8.55284196865778,339.3990000000001,2.4478,2,7
295,CHEMBL115474,Nc1nc(N)c2cc(NCc3ccccc3)ccc2n1,active,6.292429823902063,265.32,2.4063000000000008,3,5
296,CHEMBL119,COc1cc(NCc2ccc3nc(N)nc(N)c3c2C)cc(OC)c1OC,active,8.0,369.4250000000001,2.740520000000001,3,8
297,CHEMBL114833,COc1cc(OC)c(OC)cc1CNc1ccc2nc(N)nc(N)c2c1,active,6.853871964321762,355.39800000000014,2.4321,3,8
298,CHEMBL57318,Cc1cc(N(C)C)nc2c(C)cc(Cc3cnc(N)nc3N)cc12,active,8.113509274827518,322.41600000000005,2.46284,2,6
299,CHEMBL22,COc1cc(Cc2cnc(N)nc2N)cc(OC)c1OC,active,8.301029995663981,290.32300000000004,1.2575999999999998,2,7
300,CHEMBL291721,Cc1cc(N(C)C)nc2ccc(Cc3cnc(N)nc3N)cc12,active,7.481486060122112,308.38900000000007,2.15442,2,6
301,CHEMBL58366,COc1cc(Cc2cnc(N)nc2N)cc2c(N(C)C)cc(C)nc12,active,7.455931955649724,338.4150000000001,2.1630199999999995,2,7
302,CHEMBL56325,Cc1cc(N2CCOCC2)nc2cc(Cc3cnc(N)nc3N)ccc12,active,7.055517327849832,350.4260000000001,1.9250199999999995,2,7
303,CHEMBL294377,COc1cc(C)c2ccc(Cc3cnc(N)nc3N)cc2n1,active,6.958607314841775,295.346,2.0970199999999997,2,6
304,CHEMBL412659,Cc1cc(N2CCOCC2)nc2c(C)cc(Cc3cnc(N)nc3N)cc12,active,8.1249387366083,364.4530000000001,2.23344,2,7
305,CHEMBL294655,CCCCCc1cc(OC)c2cc(Cc3cnc(N)nc3N)cc(OC)c2n1,active,8.698970004336019,381.48000000000013,3.5299000000000005,2,7
306,CHEMBL60486,COc1cc(C)c2cc(Cc3cnc(N)nc3N)cc(C)c2n1,active,8.2839966563652,309.37300000000005,2.4054400000000005,2,6
307,CHEMBL56719,COc1cc(C)nc2c(OC)cc(Cc3cnc(N)nc3N)cc12,active,8.508638306165727,325.37200000000007,2.10562,2,7
308,CHEMBL150683,CCc1cc(Cc2c(N)nc(N)nc2SC)cc(CC)c1OC,inactive,4.3979400086720375,332.4730000000001,3.0871000000000013,2,6
310,CHEMBL150248,COc1cc(Cc2c(N)nc(N)nc2-c2ccccc2)cc(OC)c1O,intermediate,5.698970004336019,352.3940000000001,2.6216000000000013,3,7
311,CHEMBL439995,COc1c(C(C)(C)C)cc(Cc2c(N)nc(N)nc2N)cc1C(C)(C)C,inactive,4.221848749616356,357.5020000000001,3.417600000000002,3,6
312,CHEMBL150700,COc1cc(Cc2c(N)nc(N)nc2OC)cc(OC)c1OC,inactive,3.3467874862246565,320.3490000000001,1.2661999999999998,2,8
313,CHEMBL2092925,C/C(=C\c1coc2nc(N)nc(N)c12)c1ccc(C(=O)N[C@@H](CCC(=O)O)C(=O)O)cc1,inactive,4.958607314841775,439.42800000000017,1.9954999999999996,5,8
314,CHEMBL150017,COc1cc(Cc2c(N)nc(N)nc2N(C)C)cc(OC)c1OC,inactive,2.346787486224656,333.3920000000001,1.3235999999999994,2,8
315,CHEMBL1237205,C/C(=C/c1coc2nc(N)nc(N)c12)c1ccc(C(=O)N[C@@H](CCC(=O)O)C(=O)O)cc1.C/C(=C\c1coc2nc(N)nc(N)c12)c1ccc(C(=O)N[C@@H](CCC(=O)O)C(=O)O)cc1,intermediate,5.958607314841775,878.8559999999998,3.9910000000000014,10,16
316,CHEMBL19633,COc1ccc(Cc2cnc(N)nc2N)cc1OC,active,7.0,260.29699999999997,1.2489999999999999,2,6
317,CHEMBL346871,COc1cc2c(cc1OC)C(c1cnc(N)nc1N)CC2,intermediate,5.853871964321762,286.3350000000001,1.7362999999999997,2,6
318,CHEMBL430872,CC(Cc1coc2nc(N)nc(N)c12)c1ccc(C(=O)N[C@@H](CCC(=O)O)C(=O)O)cc1,intermediate,5.958607314841775,441.4440000000002,1.7811999999999997,5,8
319,CHEMBL339058,COc1cc(Cc2c(C)nc(N)nc2N)cc(OC)c1O,active,6.522878745280337,290.32300000000004,1.2630199999999998,3,7
320,CHEMBL34259,CN(Cc1cnc2nc(N)nc(N)c2n1)c1ccc(C(=O)N[C@@H](CCC(=O)O)C(=O)O)cc1,active,8.045757490560675,454.44700000000023,0.2684000000000012,5,10
321,CHEMBL358879,COc1cc(Cc2c(N)nc(N)nc2-c2ccccc2)cc(OC)c1OC,intermediate,5.522878745280337,366.42100000000016,2.9246000000000016,2,7
322,CHEMBL150543,CCCc1nc(N)nc(N)c1Cc1cc(OC)c(OC)c(OC)c1,intermediate,5.823908740944319,332.40400000000005,2.2100999999999997,2,7
323,CHEMBL149353,CCCc1nc(N)nc(N)c1Cc1cc(OC)c(O)c(OC)c1,active,6.096910013008056,318.377,1.9070999999999998,3,7
324,CHEMBL357960,COc1cc(Cc2c(N)nc(N)nc2C(C)C)cc(OC)c1OC,intermediate,5.698970004336019,332.4040000000001,2.3810000000000002,2,7
325,CHEMBL22,COc1cc(Cc2cnc(N)nc2N)cc(OC)c1OC,active,8.301029995663981,290.32300000000004,1.2575999999999998,2,7
326,CHEMBL325533,COc1cc(Cc2c(C)nc(N)nc2N)cc(OC)c1OC,active,7.0,304.3500000000001,1.5660199999999997,2,7
327,CHEMBL150538,COc1cc(Cc2c(N)nc(N)nc2SC)cc(OC)c1OC,inactive,3.3467874862246565,336.41700000000014,1.9794999999999998,2,8
328,CHEMBL22,COc1cc(Cc2cnc(N)nc2N)cc(OC)c1OC,active,8.154901959985743,290.32300000000004,1.2575999999999998,2,7
329,CHEMBL149408,COc1cc(Cc2c(N)nc(N)nc2N)cc(OC)c1OC,inactive,5.0,305.3380000000001,0.8398000000000003,3,8
330,CHEMBL150863,COc1cc(Cc2c(N)nc(N)nc2Oc2ccccc2)cc(OC)c1OC,inactive,4.346787486224656,382.42000000000013,3.049900000000001,2,8
331,CHEMBL19227,Nc1nc(N)c2nc(CNc3ccc(C(=O)NC(CCC(=O)O)C(=O)O)c(F)c3)cnc2n1,active,8.0,458.41000000000025,0.3831999999999992,6,10
332,CHEMBL85364,N#Cc1cc(Cl)ccc1N/C(N)=N/C(=N)N,active,6.494850021680094,236.666,0.8317499999999998,4,2
333,CHEMBL85364,N#Cc1cc(Cl)ccc1N/C(N)=N/C(=N)N,active,6.2076083105017466,236.666,0.8317499999999998,4,2
334,CHEMBL82825,CC1CC2N=C(N)N=C(N)C2CC1C,active,6.102372908709558,194.28199999999998,0.7227000000000002,2,4
335,CHEMBL82825,CC1CC2N=C(N)N=C(N)C2CC1C,intermediate,5.6777807052660805,194.28199999999998,0.7227000000000002,2,4
336,CHEMBL82985,CC1CCC2C(N)=NC(N)=NC2C1,inactive,4.958607314841775,180.255,0.47669999999999985,2,4
337,CHEMBL82985,CC1CCC2C(N)=NC(N)=NC2C1,inactive,4.619788758288394,180.255,0.47669999999999985,2,4
338,CHEMBL376180,Nc1nc(N)c2nc(CNc3ccc(C(=O)N[C@@H](CCC(=O)O)C(=O)O)cc3)cnc2n1,active,7.958607314841775,440.42000000000024,0.24409999999999987,6,10
339,CHEMBL19023,COc1ccc(Cc2cnc(N)nc2N)cc1,active,6.301029995663981,230.271,1.2403999999999997,2,5
340,CHEMBL310759,Nc1nc(N)c2c(Sc3ccc(Cl)cc3)cccc2n1,active,6.494850021680094,302.79,3.5988000000000007,2,5
341,CHEMBL310759,Nc1nc(N)c2c(Sc3ccc(Cl)cc3)cccc2n1,active,6.292429823902063,302.79,3.5988000000000007,2,5
342,CHEMBL19633,COc1ccc(Cc2cnc(N)nc2N)cc1OC,active,7.301029995663981,260.29699999999997,1.2489999999999999,2,6
343,CHEMBL80014,CCCCCCCc1c(O)nc2ccccc2c1O,inactive,4.318758762624412,259.349,4.158900000000004,2,3
344,CHEMBL80014,CCCCCCCc1c(O)nc2ccccc2c1O,inactive,3.9208187539523753,259.349,4.158900000000004,2,3
345,CHEMBL22,COc1cc(Cc2cnc(N)nc2N)cc(OC)c1OC,active,7.7447274948966935,290.32300000000004,1.2575999999999998,2,7
346,CHEMBL22,COc1cc(Cc2cnc(N)nc2N)cc(OC)c1OC,active,7.431798275933005,290.32300000000004,1.2575999999999998,2,7
347,CHEMBL57582,CCc1cc(Cc2cnc(N)nc2N)cc(CC)c1CC,active,8.0,284.40700000000004,2.9190000000000014,2,4
348,CHEMBL1160541,Cc1cc(CNC(=N)/N=C(/N)S)c(C)cc1CNC(=N)CC(=N)S,active,6.962573502059376,365.53200000000004,1.9363499999999996,8,3
349,CHEMBL1160541,Cc1cc(CNC(=N)/N=C(/N)S)c(C)cc1CNC(=N)CC(=N)S,active,6.519993057042849,365.53200000000004,1.9363499999999996,8,3
350,CHEMBL310759,Nc1nc(N)c2c(Sc3ccc(Cl)cc3)cccc2n1,active,6.3979400086720375,302.79,3.5988000000000007,2,5
351,CHEMBL310759,Nc1nc(N)c2c(Sc3ccc(Cl)cc3)cccc2n1,active,6.0,302.79,3.5988000000000007,2,5
352,CHEMBL83547,Cc1ccc(Sc2cccc3nc(N)nc(N)c23)cc1,active,6.508638306165727,282.372,3.25382,2,5
353,CHEMBL83547,Cc1ccc(Sc2cccc3nc(N)nc(N)c23)cc1,active,6.086186147616283,282.372,3.25382,2,5
354,CHEMBL293013,CCc1ccc(Cc2cnc(N)nc2N)cc1CC,active,7.045757490560675,256.35299999999995,2.3566000000000003,2,4
355,CHEMBL18925,Nc1nc(N)c2nc(CNc3ccc(C(=O)NC(CCC(=O)O)C(=O)O)cc3F)cnc2n1,active,8.301029995663981,458.41000000000025,0.3831999999999992,6,10
356,CHEMBL309713,Nc1nc(N)[n+](-c2ccc(F)cc2)c(-c2ccc(F)cc2)n1,inactive,4.958607314841775,300.29200000000003,1.8628999999999998,2,4
357,CHEMBL309713,Nc1nc(N)[n+](-c2ccc(F)cc2)c(-c2ccc(F)cc2)n1,inactive,4.795880017344075,300.29200000000003,1.8628999999999998,2,4
358,CHEMBL22,COc1cc(Cc2cnc(N)nc2N)cc(OC)c1OC,active,8.301029995663981,290.32300000000004,1.2575999999999998,2,7
359,CHEMBL61287,CC(C)c1ccc(Cc2cnc(N)nc2N)cc1,intermediate,5.958607314841775,242.326,2.3552,2,4
360,CHEMBL59703,CC(C)(C)c1ccc(Cc2cnc(N)nc2N)cc1,active,6.3979400086720375,256.35299999999995,2.5293,2,4
361,CHEMBL82334,Cc1ccc(Oc2cccc3nc(N)nc(N)c23)cc1,active,6.721246399047171,266.304,2.894919999999999,2,5
362,CHEMBL82334,Cc1ccc(Oc2cccc3nc(N)nc(N)c23)cc1,active,6.376750709602099,266.304,2.894919999999999,2,5
363,CHEMBL60883,CCc1ccc(Cc2cnc(N)nc2N)cc1C(C)C,active,6.552841968657781,270.38,2.917600000000001,2,4
364,CHEMBL60029,CCc1ccc(Cc2cnc(N)nc2N)cc1,active,6.187086643357144,228.29899999999998,1.7941999999999998,2,4
365,CHEMBL84108,Nc1nc(N)c2c(OCc3ccc(C(F)(F)F)cc3)cccc2n1,active,6.180456064458132,334.301,3.3920000000000012,2,5
366,CHEMBL84108,Nc1nc(N)c2c(OCc3ccc(C(F)(F)F)cc3)cccc2n1,intermediate,5.958607314841775,334.301,3.3920000000000012,2,5
367,CHEMBL325533,COc1cc(Cc2c(C)nc(N)nc2N)cc(OC)c1OC,active,7.0,304.3500000000001,1.5660199999999997,2,7
368,CHEMBL32113,COc1ccc(OC)c(CN(C)c2cnc3nc(N)nc(N)c3c2)c1,active,6.853871964321762,340.38700000000006,1.8427999999999998,2,8
369,CHEMBL134561,COc1cc(Cc2cnc(N)nc2N)c2c(c1OC)OC(C1CC1)C=C2,active,8.154901959985743,354.4100000000001,2.4332000000000003,2,7
370,CHEMBL32708,COc1ccc(OC)c(CNc2cnc3nc(N)nc(N)c3c2)c1,active,6.886056647693163,326.36000000000007,1.8184999999999998,3,8
371,CHEMBL33045,Nc1nc(N)c2cc(NCc3ccc(C(=O)NC(=O)[C@H](N)CCC(=O)O)cc3)cnc2n1,active,7.886056647693163,438.4480000000002,0.24980000000000063,6,10
372,CHEMBL340759,COc1cc(Cc2c[n+](C)c(N)nc2N)cc(OC)c1OC.[I-],intermediate,5.494850021680094,432.26200000000006,-2.308899999999997,2,6
373,CHEMBL22,COc1cc(Cc2cnc(N)nc2N)cc(OC)c1OC,active,8.301029995663981,290.32300000000004,1.2575999999999998,2,7
374,CHEMBL32266,COc1cc(CNc2cnc3nc(N)nc(N)c3c2)cc(OC)c1,intermediate,5.853871964321762,326.36000000000007,1.8184999999999996,3,8
375,CHEMBL22,COc1cc(Cc2cnc(N)nc2N)cc(OC)c1OC,active,8.154901959985743,290.32300000000004,1.2575999999999998,2,7
376,CHEMBL1181,COc1cc(Cc2cnc(N)nc2N)cc(OC)c1O,active,7.958607314841775,276.296,0.9545999999999997,3,7
377,CHEMBL339058,COc1cc(Cc2c(C)nc(N)nc2N)cc(OC)c1O,active,6.522878745280337,290.32300000000004,1.2630199999999998,3,7
378,CHEMBL34259,CN(Cc1cnc2nc(N)nc(N)c2n1)c1ccc(C(=O)N[C@@H](CCC(=O)O)C(=O)O)cc1,active,8.657577319177793,454.44700000000023,0.2684000000000012,5,10
379,CHEMBL33815,CN(Cc1ccc(C(=O)NC(=O)[C@H](N)CCC(=O)O)cc1)c1cnc2nc(N)nc(N)c2c1,active,7.886056647693163,452.47500000000014,0.2741000000000009,5,10
380,CHEMBL33208,COc1cc(CNc2cnc3nc(N)nc(N)c3c2)cc(OC)c1OC,active,6.119186407719209,356.38600000000014,1.8270999999999997,3,9
381,CHEMBL124256,Cc1nc(N)nc2c1c(CCc1ccc(C(=O)N[C@@H](CCC(=O)O)C(=O)O)cc1)cn2Cc1ccccc1,inactive,4.721246399047171,515.5700000000003,3.203220000000001,4,7
382,CHEMBL439973,Cc1nc(N)nc2[nH]cc(CCc3ccc(C(=O)N[C@@H](CCC(=O)O)C(=O)O)cc3)c12,intermediate,5.7447274948966935,425.4450000000002,1.6815199999999997,5,6
383,CHEMBL1230421,Cc1cn([C@@H]2O[C@H](COP(=O)(O)O)[C@@H](O)[C@H]2O)c(=O)[nH]c1=O,active,7.698970004336019,338.20900000000006,-2.4264799999999993,5,8
384,CHEMBL30932,Nc1cc2c(N)cc(Cc3ccccc3)cc2[nH]1,inactive,4.0,237.30600000000004,2.9231000000000007,3,2
385,CHEMBL225072,Nc1nc2[nH]cc(CCc3ccc(C(=O)N[C@@H](CCC(=O)O)C(=O)O)cc3)c2c(=O)[nH]1,inactive,3.638272163982407,427.41700000000014,0.6664000000000003,6,6
386,CHEMBL34259,CN(Cc1cnc2nc(N)nc(N)c2n1)c1ccc(C(=O)N[C@@H](CCC(=O)O)C(=O)O)cc1,active,8.221848749616356,454.44700000000023,0.2684000000000012,5,10
387,CHEMBL22,COc1cc(Cc2cnc(N)nc2N)cc(OC)c1OC,active,8.301029995663981,290.32300000000004,1.2575999999999998,2,7
388,CHEMBL223279,Nc1nc(N)c2c(CCCc3ccc(C(=O)N[C@@H](CCC(=O)O)C(=O)O)cc3)coc2n1,intermediate,5.154901959985743,441.44400000000024,1.6102999999999996,5,8
389,CHEMBL192632,Nc1nc2[nH]c(CCCc3ccc(C(=O)N[C@@H](CCC(=O)O)C(=O)O)cc3)cc2c(=O)[nH]1,inactive,4.657577319177793,441.4440000000002,1.0565000000000002,6,6
390,CHEMBL193275,Nc1nc(N)c2c(CCCCc3ccc(C(=O)N[C@@H](CCC(=O)O)C(=O)O)cc3)coc2n1,inactive,4.6777807052660805,455.47100000000023,2.0004000000000004,5,8
391,CHEMBL365307,Nc1nc2[nH]c(CCCCc3ccc(C(=O)N[C@@H](CCC(=O)O)C(=O)O)cc3)cc2c(=O)[nH]1,inactive,4.0,455.47100000000023,1.4465999999999997,6,6
392,CHEMBL34259,CN(Cc1cnc2nc(N)nc(N)c2n1)c1ccc(C(=O)N[C@@H](CCC(=O)O)C(=O)O)cc1,active,8.154901959985743,454.44700000000023,0.2684000000000012,5,10
393,CHEMBL225072,Nc1nc2[nH]cc(CCc3ccc(C(=O)N[C@@H](CCC(=O)O)C(=O)O)cc3)c2c(=O)[nH]1,inactive,3.638272163982407,427.41700000000014,0.6664000000000003,6,6
394,CHEMBL34259,CN(Cc1cnc2nc(N)nc(N)c2n1)c1ccc(C(=O)N[C@@H](CCC(=O)O)C(=O)O)cc1,active,8.522878745280337,454.44700000000023,0.2684000000000012,5,10
395,CHEMBL385516,N=C(N)NC(=N)SCc1ccc(Cl)nc1,inactive,4.459670525209126,243.723,1.3860400000000004,4,4
396,CHEMBL217809,N=C(N)NC(=N)SC/C=C/c1ccccc1,inactive,4.703334809738469,234.32800000000003,1.8508400000000007,4,3
397,CHEMBL217157,N=C(N)/N=C(\N)SCc1cc(C(F)(F)F)cc(C(F)(F)F)c1,intermediate,5.251811972993799,344.284,3.1655700000000015,3,2
398,CHEMBL216195,N=C(N)/N=C(\N)SCc1ccccc1C(F)(F)F,inactive,4.391473966422806,276.287,2.14677,3,2
399,CHEMBL262030,N=C(N)/N=C(\N)SCc1cc([N+](=O)[O-])ccc1O,inactive,4.82102305270683,269.286,0.7417700000000005,4,5
400,CHEMBL386409,N=C(N)NC(=N)SCc1ccc([N+](=O)[O-])cc1,inactive,4.454692883534176,253.287,1.2458400000000005,4,5
401,CHEMBL538395,N=C(N)/N=C(\N)SCc1ccc(F)cc1,inactive,4.603800652904264,226.28,1.2670700000000006,3,2
402,CHEMBL385547,N=C(N)/N=C(\N)SCc1ccc(Cl)cc1,inactive,4.847711655616943,242.735,1.7813700000000006,3,2
403,CHEMBL215709,N=C(N)/N=C(\N)SCc1ccc(C(F)(F)F)cc1,inactive,4.886056647693163,276.287,2.146770000000001,3,2
404,CHEMBL214882,Cc1ccc(CSC(=N)N=C(N)N)cc1,inactive,4.899629454882437,222.31700000000004,1.43639,3,2
405,CHEMBL217260,N=C(N)/N=C(\N)SCc1ccc(Cl)c(Cl)c1,intermediate,5.431798275933005,277.18,2.434770000000001,3,2
406,CHEMBL217294,COc1ccc(CSC(=N)N=C(N)N)cc1,intermediate,5.481486060122113,238.316,1.1365699999999999,3,3
407,CHEMBL217099,N=C(N)NC(=N)SCc1ccccc1,inactive,4.460923901207224,208.29000000000002,1.3376400000000006,4,3
408,CHEMBL384631,N=C(N)NC(=N)SCc1cccc([N+](=O)[O-])c1,inactive,4.723538195826756,253.287,1.2458400000000005,4,5
409,CHEMBL387262,N=C(N)NC(=N)SCc1cccc(C(F)(F)F)c1,intermediate,5.366531544420414,276.287,2.356440000000001,4,3
410,CHEMBL213970,COc1cccc(CSC(=N)N=C(N)N)c1,intermediate,5.42021640338319,238.316,1.13657,3,3
411,CHEMBL213969,Cc1cc(CSC(=N)NC(=N)N)c(C)cc1CSC(=N)NC(=N)N,active,7.1249387366083,366.52000000000004,1.6055199999999996,8,6
412,CHEMBL424738,N=C(N)/N=C(\N)SCc1cccc(CS/C(N)=N/C(=N)N)c1,active,7.1249387366083,338.46600000000007,0.5693400000000006,6,4
413,CHEMBL225180,Cc1[nH]c2nc(N)[nH]c(=O)c2c1Sc1ccc(C(=O)N[C@@H](CCC(=O)O)C(=O)O)cc1,inactive,4.6777807052660805,445.4570000000002,1.3408199999999995,6,7
414,CHEMBL388340,Cc1[nH]c2nc(N)[nH]c(=O)c2c1Sc1ccc(C(=O)N[C@@H](CCC(=O)O)C(=O)O)c(F)c1,inactive,4.6777807052660805,463.44700000000023,1.4799199999999995,6,7
415,CHEMBL224868,Cc1[nH]c2nc(N)[nH]c(=O)c2c1Sc1ccc(C(=O)N[C@@H](CCC(=O)O)C(=O)O)c(Cl)c1,inactive,4.3979400086720375,479.90200000000027,1.9942199999999999,6,7
416,CHEMBL225072,Nc1nc2[nH]cc(CCc3ccc(C(=O)N[C@@H](CCC(=O)O)C(=O)O)cc3)c2c(=O)[nH]1,inactive,3.638272163982407,427.41700000000014,0.6664000000000003,6,6
417,CHEMBL34259,CN(Cc1cnc2nc(N)nc(N)c2n1)c1ccc(C(=O)N[C@@H](CCC(=O)O)C(=O)O)cc1,active,7.494850021680094,454.44700000000023,0.2684000000000012,5,10
418,CHEMBL225072,Nc1nc2[nH]cc(CCc3ccc(C(=O)N[C@@H](CCC(=O)O)C(=O)O)cc3)c2c(=O)[nH]1,inactive,3.638272163982407,427.41700000000014,0.6664000000000003,6,6
419,CHEMBL34259,CN(Cc1cnc2nc(N)nc(N)c2n1)c1ccc(C(=O)N[C@@H](CCC(=O)O)C(=O)O)cc1,active,8.154901959985743,454.44700000000023,0.2684000000000012,5,10
420,CHEMBL374172,Nc1nc2[nH]cc(CCCc3ccc(C(=O)N[C@@H](CCC(=O)O)C(=O)O)cc3)c2c(=O)[nH]1,inactive,4.657577319177793,441.4440000000002,1.0564999999999993,6,6
421,CHEMBL223279,Nc1nc(N)c2c(CCCc3ccc(C(=O)N[C@@H](CCC(=O)O)C(=O)O)cc3)coc2n1,intermediate,5.154901959985743,441.44400000000024,1.6102999999999996,5,8
422,CHEMBL389643,Cc1c(Sc2ccc(C(=O)N[C@@H](CCC(=O)O)C(=O)O)cc2)[nH]c2nc(N)nc(N)c12,active,7.795880017344075,444.4730000000001,1.6297199999999994,6,8
423,CHEMBL225072,Nc1nc2[nH]cc(CCc3ccc(C(=O)N[C@@H](CCC(=O)O)C(=O)O)cc3)c2c(=O)[nH]1,inactive,3.638272163982407,427.41700000000014,0.6664000000000003,6,6
424,CHEMBL225071,Cc1nc(=O)c2cc(CN(C)c3ccc(C(=O)N[C@@H](CCC(=O)O)C(=O)O)s3)ccc2[nH]1,inactive,4.638272163982407,458.4960000000002,1.9772199999999995,4,7
425,CHEMBL34259,CN(Cc1cnc2nc(N)nc(N)c2n1)c1ccc(C(=O)N[C@@H](CCC(=O)O)C(=O)O)cc1,active,8.18045606445813,454.44700000000023,0.2684000000000012,5,10
426,CHEMBL422395,C#CCN(Cc1ccc2[nH]c(N)nc(=O)c2c1)c1ccc(C(=O)NC(CCC(=O)O)C(=O)O)cc1,inactive,4.638272163982407,477.4770000000002,1.1929,5,7
427,CHEMBL224974,Cc1c(Sc2ccc(C(=O)N[C@@H](CCC(=O)O)C(=O)O)cc2)[nH]c2nc(N)[nH]c(=O)c12,inactive,3.619788758288394,445.4570000000001,1.3408199999999995,6,7
428,CHEMBL522363,Cc1sc2nc(N)[nH]c(=O)c2c1Sc1ccc(C(=O)N(CCC(=O)O)C(=O)O)cc1,active,6.698970004336019,448.48200000000026,2.62132,4,8
429,CHEMBL22,COc1cc(Cc2cnc(N)nc2N)cc(OC)c1OC,active,8.0,290.32300000000004,1.2575999999999998,2,7
430,CHEMBL34259,CN(Cc1cnc2nc(N)nc(N)c2n1)c1ccc(C(=O)N[C@@H](CCC(=O)O)C(=O)O)cc1,active,8.05551732784983,454.44700000000023,0.2684000000000012,5,10
431,CHEMBL422395,C#CCN(Cc1ccc2[nH]c(N)nc(=O)c2c1)c1ccc(C(=O)NC(CCC(=O)O)C(=O)O)cc1,inactive,4.638272163982407,477.4770000000002,1.1929,5,7
432,CHEMBL225072,Nc1nc2[nH]cc(CCc3ccc(C(=O)N[C@@H](CCC(=O)O)C(=O)O)cc3)c2c(=O)[nH]1,inactive,3.638272163982407,427.41700000000014,0.6664000000000003,6,6
433,CHEMBL449543,Cc1sc2nc(N)[nH]c(=O)c2c1Sc1ccc(F)cc1,inactive,4.494850021680094,307.375,3.1655200000000008,2,5
434,CHEMBL495125,Cc1sc2nc(N)[nH]c(=O)c2c1Sc1ccncc1,inactive,4.455931955649724,290.373,2.4214200000000003,2,6
435,CHEMBL495124,Cc1sc2nc(N)[nH]c(=O)c2c1Sc1ccc2ccccc2c1,inactive,4.236572006437063,339.44500000000005,4.179620000000002,2,5
436,CHEMBL492839,Cc1sc2nc(N)[nH]c(=O)c2c1Sc1cc(Cl)cc(Cl)c1,intermediate,5.552841968657781,358.2750000000001,4.333220000000002,2,5
437,CHEMBL492838,Cc1sc2nc(N)[nH]c(=O)c2c1Sc1ccc(Cl)c(Cl)c1,intermediate,5.552841968657781,358.2750000000001,4.333220000000002,2,5
438,CHEMBL492837,COc1ccc(OC)c(Sc2c(C)[nH]c3nc(N)[nH]c(=O)c23)c1,inactive,4.552841968657781,332.38500000000005,2.3102199999999993,3,6
439,CHEMBL492836,Cc1sc2nc(N)[nH]c(=O)c2c1Sc1ccc([N+](=O)[O-])cc1,intermediate,5.920818753952375,334.38200000000006,2.9346200000000007,2,7
440,CHEMBL522517,Cc1sc2nc(N)[nH]c(=O)c2c1Sc1ccc(Cl)cc1,inactive,4.552841968657781,323.83000000000004,3.679820000000001,2,5
441,CHEMBL494067,Cc1sc2nc(N)[nH]c(=O)c2c1Sc1ccccc1,inactive,4.455931955649724,289.385,3.0264200000000008,2,5
442,CHEMBL514219,CCCc1c(Sc2c(Cl)cccc2Cl)[nH]c2nc(N)nc(N)c12,intermediate,5.886056647693163,368.2930000000001,4.532800000000002,3,5
443,CHEMBL22,COc1cc(Cc2cnc(N)nc2N)cc(OC)c1OC,active,7.698970004336019,290.32300000000004,1.2575999999999998,2,7
444,CHEMBL36,CCc1nc(N)nc(N)c1-c1ccc(Cl)cc1,intermediate,5.698970004336019,248.71700000000004,2.5238000000000005,2,4
445,CHEMBL225072,Nc1nc2[nH]cc(CCc3ccc(C(=O)N[C@@H](CCC(=O)O)C(=O)O)cc3)c2c(=O)[nH]1,inactive,3.638272163982407,427.41700000000014,0.6664000000000003,6,6
446,CHEMBL34259,CN(Cc1cnc2nc(N)nc(N)c2n1)c1ccc(C(=O)N[C@@H](CCC(=O)O)C(=O)O)cc1,active,8.18045606445813,454.44700000000023,0.2684000000000012,5,10
447,CHEMBL477151,CC(C)c1c(Sc2ccc(Cl)c(Cl)c2)[nH]c2nc(N)nc(N)c12,active,6.853871964321762,368.2930000000001,4.7037,3,5
448,CHEMBL477150,CC(C)c1c(Sc2ccc3ccccc3c2)[nH]c2nc(N)nc(N)c12,active,6.5376020021010435,349.46300000000014,4.550100000000003,3,5
449,CHEMBL476945,CC(C)c1c(Sc2cccc3ccccc23)[nH]c2nc(N)nc(N)c12,active,6.823908740944319,349.46300000000014,4.550100000000003,3,5
450,CHEMBL477566,COc1ccc(Sc2[nH]c3nc(N)nc(N)c3c2C(C)C)cc1OC,active,6.958607314841775,359.45500000000015,3.4141000000000012,3,7
451,CHEMBL516128,COc1ccc(OC)c(Sc2[nH]c3nc(N)nc(N)c3c2C(C)C)c1,active,6.958607314841775,359.45500000000015,3.4141000000000012,3,7
452,CHEMBL478404,COc1ccc(Sc2[nH]c3nc(N)nc(N)c3c2C(C)C)cc1,active,6.823908740944319,329.4290000000001,3.405500000000001,3,6
453,CHEMBL478403,CC(C)c1c(Sc2ccccc2)[nH]c2nc(N)nc(N)c12,active,6.886056647693163,299.4030000000001,3.3969000000000005,3,5
454,CHEMBL478192,Cc1cccc(C)c1Sc1[nH]c2nc(N)nc(N)c2c1C(C)C,intermediate,5.522878745280337,327.4570000000001,4.013740000000001,3,5
455,CHEMBL478191,CC(C)c1c(Sc2c(Cl)cccc2Cl)[nH]c2nc(N)nc(N)c12,intermediate,5.6777807052660805,368.2930000000001,4.703700000000002,3,5
456,CHEMBL478213,CCCc1c(Sc2ccc3ccccc3c2)[nH]c2nc(N)nc(N)c12,active,6.221848749616356,349.46300000000014,4.379200000000002,3,5
457,CHEMBL515312,CCCc1c(Sc2cccc3ccccc23)[nH]c2nc(N)nc(N)c12,intermediate,5.823908740944319,349.46300000000014,4.379200000000002,3,5
458,CHEMBL476745,CCCc1c(Sc2ccc(OC)c(OC)c2)[nH]c2nc(N)nc(N)c12,active,6.301029995663981,359.45500000000015,3.2432,3,7
459,CHEMBL476744,CCCc1c(Sc2cc(OC)ccc2OC)[nH]c2nc(N)nc(N)c12,intermediate,5.853871964321762,359.45500000000015,3.243199999999999,3,7
460,CHEMBL477790,CCCc1c(Sc2ccc(OC)cc2)[nH]c2nc(N)nc(N)c12,active,6.214670164989233,329.42900000000014,3.2345999999999995,3,6
461,CHEMBL516891,CCCc1c(Sc2ccccc2)[nH]c2nc(N)nc(N)c12,intermediate,5.886056647693163,299.4030000000001,3.226,3,5
462,CHEMBL477789,CCCc1c(Sc2c(C)cccc2C)[nH]c2nc(N)nc(N)c12,intermediate,5.823908740944319,327.4570000000001,3.8428400000000007,3,5
463,CHEMBL551985,CCc1sc2nc(N)[nH]c(=O)c2c1Sc1cccc(Cl)c1,intermediate,5.522878745280337,337.85699999999997,3.9338000000000015,2,5
464,CHEMBL551049,CCc1sc2nc(N)[nH]c(=O)c2c1Sc1ccc(C(=O)N[C@@H](CCC(=O)O)C(=O)O)cc1,active,6.0,476.53600000000023,2.3282,5,8
465,CHEMBL550769,CCc1sc2nc(N)[nH]c(=O)c2c1Sc1ccccc1,inactive,4.481486060122112,303.412,3.2804,2,5
466,CHEMBL564277,CCc1sc2nc(N)[nH]c(=O)c2c1Sc1ccc(Cl)cc1,inactive,4.376750709602099,337.85699999999997,3.9338000000000015,2,5
467,CHEMBL564937,CCc1sc2nc(N)[nH]c(=O)c2c1Sc1ccc([N+](=O)[O-])cc1,inactive,4.4089353929735005,348.40900000000005,3.188600000000001,2,7
468,CHEMBL564004,CCc1sc2nc(N)[nH]c(=O)c2c1Sc1cc(OC)ccc1OC,inactive,4.552841968657781,363.4640000000001,3.297600000000001,2,7
469,CHEMBL556091,CCc1sc2nc(N)[nH]c(=O)c2c1Sc1ccc(Cl)c(Cl)c1,inactive,4.657577319177793,372.302,4.587200000000002,2,5
470,CHEMBL560912,CCc1sc2nc(N)[nH]c(=O)c2c1Sc1cc(Cl)cc(Cl)c1,intermediate,5.552841968657781,372.302,4.587200000000002,2,5
471,CHEMBL550296,CCc1sc2nc(N)[nH]c(=O)c2c1Sc1ccc2ccccc2c1,inactive,4.552841968657781,353.47200000000004,4.433600000000002,2,5
472,CHEMBL550842,CCc1sc2nc(N)[nH]c(=O)c2c1Sc1ccncc1,inactive,4.481486060122112,304.4,2.6754000000000007,2,6
473,CHEMBL538143,CCc1sc2nc(N)[nH]c(=O)c2c1Sc1ccc(F)cc1,inactive,4.508638306165727,321.402,3.419500000000001,2,5
474,CHEMBL565179,CCc1sc2nc(N)[nH]c(=O)c2c1Sc1ccc(Br)cc1,inactive,4.5376020021010435,382.308,4.042900000000002,2,5
475,CHEMBL551768,CCc1sc2nc(N)[nH]c(=O)c2c1Sc1ccccc1Cl,inactive,4.481486060122112,337.85699999999997,3.9338000000000015,2,5
476,CHEMBL225072,Nc1nc2[nH]cc(CCc3ccc(C(=O)N[C@@H](CCC(=O)O)C(=O)O)cc3)c2c(=O)[nH]1,inactive,3.638272163982407,427.41700000000014,0.6664000000000003,6,6
477,CHEMBL389051,C#CCN(Cc1ccc2[nH]c(N)nc(=O)c2c1)c1ccc(C(=O)N[C@@H](CCC(=O)O)C(=O)O)cc1,inactive,4.638272163982407,477.4770000000002,1.1929,5,7
478,CHEMBL34259,CN(Cc1cnc2nc(N)nc(N)c2n1)c1ccc(C(=O)N[C@@H](CCC(=O)O)C(=O)O)cc1,active,8.05551732784983,454.44700000000023,0.2684000000000012,5,10
479,CHEMBL22,COc1cc(Cc2cnc(N)nc2N)cc(OC)c1OC,active,8.0,290.32300000000004,1.2575999999999998,2,7
480,CHEMBL563212,CCc1sc2nc(N)[nH]c(=O)c2c1Sc1cc(OC)cc(OC)c1,inactive,4.568636235841013,363.4640000000001,3.297600000000001,2,7
481,CHEMBL598090,COc1ccccc1Sc1oc2nc(N)nc(N)c2c1C,inactive,3.6989700043360187,302.35900000000004,2.8554200000000005,2,7
482,CHEMBL604722,Cc1c(Sc2c(F)c(F)c(C(F)(F)F)c(F)c2F)oc2nc(N)nc(N)c12,inactive,3.6989700043360187,412.29000000000013,4.422019999999999,2,6
483,CHEMBL597885,COc1ccc(Sc2oc3nc(N)nc(N)c3c2C)cc1,inactive,3.6989700043360187,302.35900000000004,2.8554200000000005,2,7
484,CHEMBL596681,COc1ccc(OC)c(Sc2oc3nc(N)nc(N)c3c2C)c1,inactive,3.6989700043360187,332.3850000000001,2.86402,2,8
485,CHEMBL596680,Cc1c(Sc2c(Cl)cccc2Cl)oc2nc(N)nc(N)c12,inactive,3.6989700043360187,341.2230000000001,4.15362,2,6
486,CHEMBL609896,Cc1cccc(C)c1Sc1oc2nc(N)nc(N)c2c1C,inactive,3.6989700043360187,300.38700000000006,3.463660000000001,2,6
487,CHEMBL596673,Cc1c(Sc2ccc3ccccc3c2)oc2nc(N)nc(N)c12,inactive,3.6989700043360187,322.3930000000001,4.000020000000002,2,6
488,CHEMBL602104,Cc1c(Sc2cccc3ccccc23)oc2nc(N)nc(N)c12,inactive,3.6989700043360187,322.3930000000001,4.000020000000002,2,6
489,CHEMBL34259,CN(Cc1cnc2nc(N)nc(N)c2n1)c1ccc(C(=O)N[C@@H](CCC(=O)O)C(=O)O)cc1,active,8.18045606445813,454.44700000000023,0.2684000000000012,5,10
490,CHEMBL225072,Nc1nc2[nH]cc(CCc3ccc(C(=O)N[C@@H](CCC(=O)O)C(=O)O)cc3)c2c(=O)[nH]1,inactive,3.638272163982407,427.41700000000014,0.6664000000000003,6,6
491,CHEMBL225071,Cc1nc(=O)c2cc(CN(C)c3ccc(C(=O)N[C@@H](CCC(=O)O)C(=O)O)s3)ccc2[nH]1,inactive,4.638272163982407,458.4960000000002,1.9772199999999995,4,7
492,CHEMBL596672,Cc1c(Sc2ccc(C(=O)N[C@@H](CCC(=O)O)C(=O)O)cc2)oc2nc(N)nc(N)c12,active,7.698970004336019,445.45700000000016,1.8946199999999993,5,9
493,CHEMBL389643,Cc1c(Sc2ccc(C(=O)N[C@@H](CCC(=O)O)C(=O)O)cc2)[nH]c2nc(N)nc(N)c12,active,7.795880017344075,444.4730000000001,1.6297199999999994,6,8
494,CHEMBL598292,COc1cccc(Sc2oc3nc(N)nc(N)c3c2C)c1,inactive,3.6989700043360187,302.35900000000004,2.8554200000000005,2,7
495,CHEMBL598293,COc1ccc(Sc2oc3nc(N)nc(N)c3c2C)cc1OC,inactive,3.6989700043360187,332.3850000000001,2.864020000000001,2,8
496,CHEMBL611984,Cc1cccc(C(C)C)c1Sc1oc2nc(N)nc(N)c2c1C,inactive,3.6989700043360187,328.4410000000001,4.278640000000002,2,6
497,CHEMBL1093099,Nc1nc(N)c2c(n1)[nH]c1cccc(Sc3ccccc3)c12,inactive,4.481486060122112,307.38200000000006,3.426700000000001,3,5
498,CHEMBL1093100,Cc1ccc(Sc2cccc3[nH]c4nc(N)nc(N)c4c23)cc1,inactive,4.508638306165727,321.4090000000001,3.73512,3,5
499,CHEMBL34259,CN(Cc1cnc2nc(N)nc(N)c2n1)c1ccc(C(=O)N[C@@H](CCC(=O)O)C(=O)O)cc1,active,8.18045606445813,454.44700000000023,0.2684000000000012,5,10
500,CHEMBL22,COc1cc(Cc2cnc(N)nc2N)cc(OC)c1OC,active,7.698970004336019,290.32300000000004,1.2575999999999998,2,7
501,CHEMBL389051,C#CCN(Cc1ccc2[nH]c(N)nc(=O)c2c1)c1ccc(C(=O)N[C@@H](CCC(=O)O)C(=O)O)cc1,inactive,4.958607314841775,477.4770000000002,1.1929,5,7
502,CHEMBL169896,Cc1nc2ccc3ccc(CNc4ccc5c(c4)CN([C@@H](CCC(=O)O)C(=O)O)C5=O)cc3c2c(=O)[nH]1,inactive,4.698970004336019,500.51100000000025,3.27062,4,6
503,CHEMBL225180,Cc1[nH]c2nc(N)[nH]c(=O)c2c1Sc1ccc(C(=O)N[C@@H](CCC(=O)O)C(=O)O)cc1,inactive,4.657577319177793,445.4570000000002,1.3408199999999995,6,7
504,CHEMBL1818548,Cc1nc2sc3cccc(CNc4ccc(C(=O)N[C@@H](CCC(=O)O)C(=O)O)cc4)c3c2c(=O)[nH]1,inactive,4.823908740944319,494.5290000000002,3.1061199999999998,5,7
505,CHEMBL1818549,Cc1nc2sc3cccc(CNc4ccc5c(c4)CN([C@@H](CCC(=O)O)C(=O)O)C5=O)c3c2c(=O)[nH]1,inactive,4.698970004336019,506.54000000000036,3.3321199999999997,4,7
506,CHEMBL1738741,Nc1nc2sc3cccc(CNc4ccc(C(=O)N[C@@H](CCC(=O)O)C(=O)O)cc4)c3c2c(=O)[nH]1,active,6.3979400086720375,495.5170000000003,2.3799,6,8
507,CHEMBL1738740,Nc1nc2sc3cccc(CNc4ccc5c(c4)CN([C@@H](CCC(=O)O)C(=O)O)C5=O)c3c2c(=O)[nH]1,active,6.3979400086720375,507.52800000000036,2.6058999999999997,5,8
508,CHEMBL225072,Nc1nc2[nH]cc(CCc3ccc(C(=O)N[C@@H](CCC(=O)O)C(=O)O)cc3)c2c(=O)[nH]1,inactive,2.638272163982407,427.41700000000014,0.6664000000000003,6,6
509,CHEMBL34259,CN(Cc1cnc2nc(N)nc(N)c2n1)c1ccc(C(=O)N[C@@H](CCC(=O)O)C(=O)O)cc1,active,8.356547323513812,454.44700000000023,0.2684000000000012,5,10
510,CHEMBL22,COc1cc(Cc2cnc(N)nc2N)cc(OC)c1OC,active,8.0,290.32300000000004,1.2575999999999998,2,7
511,CHEMBL34259,CN(Cc1cnc2nc(N)nc(N)c2n1)c1ccc(C(=O)N[C@@H](CCC(=O)O)C(=O)O)cc1,active,8.05551732784983,454.44700000000023,0.2684000000000012,5,10
512,CHEMBL2047253,Nc1nc2c(c(Nc3ccc(Cl)cc3F)n1)-c1ccccc1C2,inactive,4.795880017344075,326.76200000000006,4.166100000000002,2,4
513,CHEMBL2047252,Nc1nc2c(c(Nc3ccc(F)c(Cl)c3)n1)-c1ccccc1C2,inactive,4.795880017344075,326.76200000000006,4.166100000000001,2,4
514,CHEMBL2047248,Nc1nc2c(c(Nc3cccc(Br)c3)n1)-c1ccccc1C2,inactive,4.853871964321762,353.22300000000007,4.136100000000002,2,4
515,CHEMBL2047247,Nc1nc2c(c(Nc3ccc(Cl)cc3)n1)-c1ccccc1C2,inactive,4.795880017344075,308.77200000000005,4.027000000000001,2,4
516,CHEMBL2047245,CC(C)c1ccc(Nc2nc(N)nc3c2-c2ccccc2C3)cc1,inactive,4.795880017344075,316.408,4.4970000000000026,2,4
517,CHEMBL36,CCc1nc(N)nc(N)c1-c1ccc(Cl)cc1,intermediate,5.180456064458132,248.71700000000004,2.5238000000000005,2,4
518,CHEMBL265493,Nc1ncc(Cc2ccccc2)c(N)n1,intermediate,5.470000200122707,200.245,1.2318,2,4
519,CHEMBL97313,CC1(C)N=C(N)N=C(N)N1c1cccc(CCCCc2ccc(S(=O)(=O)F)cc2)c1,intermediate,5.939302159646388,431.53700000000015,3.0957000000000017,2,7
520,CHEMBL97567,CC1(C)N=C(N)N=C(N)N1c1ccc(CCCCCCc2ccc(S(=O)(=O)F)cc2)cc1,intermediate,5.735182176990463,459.5910000000002,3.8759000000000032,2,7
521,CHEMBL94742,CC1(C)N=C(N)N=C(N)N1c1cccc(CCCCc2ccccc2)c1,intermediate,5.11975822410452,349.4820000000001,3.4375000000000018,2,5
522,CHEMBL1617293,CC1(C)N=C(N)N=C(N)N1c1ccc(OCCCOc2ccccc2)c(Cl)c1,inactive,4.734003629504921,401.898,3.373400000000002,2,7
523,CHEMBL268914,CC1(C)N=C(N)N=C(N)N1c1cccc(C#N)c1,inactive,4.69486368105636,242.28600000000003,0.7437799999999999,2,6
524,CHEMBL747,CC1(C)N=C(N)N=C(N)N1c1ccc(Cl)cc1,inactive,4.679645967182328,251.72100000000003,1.5255000000000003,2,5
525,CHEMBL548155,Cc1ccc(N2C(N)=NC(N)=NC2(C)C)cc1.Cl,inactive,4.491201034596095,267.764,1.6023199999999995,2,5
526,CHEMBL266573,COc1ccc(N2C(N)=NC(N)=NC2(C)C)cc1,inactive,4.050122295963125,247.302,0.8806999999999995,2,6
527,CHEMBL333873,CCOc1ccc(N2C(N)=NC(N)=NC2(C)C)cc1,inactive,3.5805399272139296,261.32899999999995,1.2708,2,6
528,CHEMBL1625056,CC1(C)N=C(N)N=C(N)N1c1cccc(CN)c1,inactive,3.3202088290196454,246.318,0.33080000000000076,3,6
529,CHEMBL3634634,CC1(C)N=C(N)N=C(N)N1c1ccc(CN)cc1,inactive,3.1417034754661146,246.318,0.33080000000000076,3,6
530,CHEMBL316611,CC1(C)N=C(N)N=C(N)N1c1cccc(C(=O)Nc2ccc(S(=O)(=O)F)cc2)c1,inactive,4.201832940284061,418.4540000000001,1.7825999999999995,3,8
531,CHEMBL1412044,NC1=NC(c2ccc(Cl)cc2)N(c2ccc(S(N)(=O)=O)cc2)C(N)=N1,inactive,2.810229043653126,378.84500000000014,1.1356000000000004,3,7
532,CHEMBL741,Nc1nnc(-c2cccc(Cl)c2Cl)c(N)n1,inactive,3.457299030551889,256.09599999999995,2.0098,2,5
